index,CBG_ID,distribution_4,distribution_5,distribution_10,seg4,seg5,seg10
0,0.0,[0.372 0.07  0.279 0.279],[0.372 0.07  0.279 0.279 0.   ],[0.    0.372 0.    0.07  0.    0.279 0.    0.279 0.    0.   ],0.24000000000000002,0.4125,0.7000000000000001
1,1.0,[0.03  0.188 0.454 0.328],[0.03  0.188 0.454 0.327 0.001],[0.    0.03  0.    0.188 0.    0.454 0.    0.327 0.    0.001],0.37600000000000006,0.47625,0.7433333333333333
2,2.0,[0.117 0.204 0.331 0.348],[0.117 0.204 0.331 0.348 0.   ],[0.    0.117 0.    0.204 0.    0.331 0.    0.348 0.    0.   ],0.23866666666666667,0.35374999999999995,0.6666666666666667
3,3.0,[0.    0.175 0.789 0.036],[0.    0.175 0.789 0.036 0.   ],[0.    0.    0.    0.175 0.    0.789 0.    0.036 0.    0.   ],0.7186666666666667,0.7362500000000001,0.848888888888889
4,4.0,[0.025 0.    0.975 0.   ],[0.025 0.    0.975 0.    0.   ],[0.    0.025 0.    0.    0.    0.975 0.    0.    0.    0.   ],0.9666666666666667,0.9687499999999999,0.9722222222222223
5,5.0,[0.    0.454 0.488 0.058],[0.    0.454 0.487 0.058 0.   ],[0.    0.    0.    0.454 0.    0.487 0.    0.058 0.    0.   ],0.5893333333333333,0.6768749999999999,0.8238888888888889
6,7.0,[0.    0.014 0.986 0.   ],[0.    0.014 0.986 0.    0.   ],[0.    0.    0.    0.014 0.    0.986 0.    0.    0.    0.   ],0.9813333333333333,0.9825,0.9844444444444446
7,12.0,[0.064 0.    0.596 0.339],[0.064 0.    0.596 0.339 0.   ],[0.    0.064 0.    0.    0.    0.596 0.    0.339 0.    0.   ],0.5806666666666667,0.6693749999999999,0.8172222222222224
8,13.0,[0.052 0.247 0.481 0.221],[0.052 0.247 0.481 0.219 0.002],[0.    0.052 0.    0.247 0.    0.481 0.    0.219 0.    0.002],0.3073333333333333,0.43312500000000004,0.7183333333333334
9,14.0,[0.002 0.152 0.338 0.509],[0.002 0.152 0.338 0.509 0.   ],[0.    0.002 0.    0.152 0.    0.338 0.    0.509 0.    0.   ],0.462,0.558125,0.7761111111111112
10,16.0,[0. 0. 1. 0.],[0. 0. 1. 0. 0.],[0. 0. 0. 0. 0. 1. 0. 0. 0. 0.],1.0,1.0,1.0000000000000002
11,25.0,[0.027 0.259 0.485 0.229],[0.027 0.259 0.485 0.229 0.   ],[0.    0.027 0.    0.259 0.    0.485 0.    0.229 0.    0.   ],0.3253333333333333,0.46625,0.7477777777777778
12,26.0,[0.015 0.118 0.613 0.254],[0.015 0.118 0.613 0.254 0.   ],[0.    0.015 0.    0.118 0.    0.613 0.    0.254 0.    0.   ],0.48933333333333334,0.5837499999999999,0.7611111111111112
13,27.0,[0.033 0.108 0.52  0.339],[0.033 0.108 0.52  0.338 0.001],[0.    0.033 0.    0.108 0.    0.52  0.    0.338 0.    0.001],0.47866666666666663,0.5724999999999999,0.74
14,28.0,[0.01  0.173 0.547 0.27 ],[0.01  0.173 0.547 0.27  0.   ],[0.    0.01  0.    0.173 0.    0.547 0.    0.27  0.    0.   ],0.42266666666666675,0.52125,0.7666666666666668
15,29.0,[0.    0.042 0.514 0.443],[0.    0.042 0.514 0.443 0.   ],[0.    0.    0.    0.042 0.    0.514 0.    0.443 0.    0.   ],0.61,0.6968749999999999,0.8416666666666667
16,30.0,[0.037 0.044 0.516 0.403],[0.037 0.044 0.516 0.403 0.   ],[0.    0.037 0.    0.044 0.    0.516 0.    0.403 0.    0.   ],0.5586666666666668,0.6487499999999999,0.798888888888889
17,31.0,[0.001 0.133 0.575 0.291],[0.001 0.133 0.575 0.287 0.004],[0.    0.001 0.    0.133 0.    0.575 0.    0.287 0.    0.004],0.488,0.5774999999999999,0.7722222222222223
18,32.0,[0.    0.031 0.938 0.031],[0.    0.031 0.937 0.031 0.   ],[0.    0.    0.    0.031 0.    0.937 0.    0.031 0.    0.   ],0.9173333333333334,0.921875,0.9305555555555557
19,33.0,[0.    0.133 0.31  0.558],[0.    0.133 0.31  0.558 0.   ],[0.    0.    0.    0.133 0.    0.31  0.    0.558 0.    0.   ],0.49000000000000005,0.584375,0.7783333333333334
20,36.0,[0.005 0.297 0.554 0.144],[0.005 0.297 0.554 0.144 0.   ],[0.    0.005 0.    0.297 0.    0.554 0.    0.144 0.    0.   ],0.468,0.5637500000000001,0.7722222222222223
21,37.0,[0.027 0.265 0.454 0.255],[0.027 0.265 0.454 0.184 0.071],[0.    0.027 0.    0.265 0.    0.454 0.    0.184 0.    0.071],0.29800000000000004,0.398125,0.6694444444444445
22,38.0,[0.001 0.171 0.664 0.165],[0.001 0.171 0.664 0.163 0.002],[0.    0.001 0.    0.171 0.    0.664 0.    0.163 0.    0.002],0.5513333333333333,0.579375,0.7750000000000001
23,39.0,[0.    0.008 0.137 0.855],[0.    0.008 0.137 0.855 0.   ],[0.    0.    0.    0.008 0.    0.137 0.    0.855 0.    0.   ],0.8066666666666666,0.81875,0.88
24,41.0,[0.    0.091 0.727 0.182],[0.    0.091 0.727 0.182 0.   ],[0.    0.    0.    0.091 0.    0.727 0.    0.182 0.    0.   ],0.636,0.65875,0.7877777777777778
25,42.0,[0. 0. 0. 1.],[0. 0. 0. 1. 0.],[0. 0. 0. 0. 0. 0. 0. 1. 0. 0.],1.0,1.0,1.0000000000000002
26,43.0,[0.    0.009 0.974 0.017],[0.    0.009 0.974 0.013 0.004],[0.    0.    0.    0.009 0.    0.974 0.    0.013 0.    0.004],0.9653333333333333,0.9675,0.9711111111111113
27,44.0,[0.    0.618 0.176 0.206],[0.    0.618 0.176 0.206 0.   ],[0.    0.    0.    0.618 0.    0.176 0.    0.206 0.    0.   ],0.49066666666666664,0.53,0.7777777777777779
28,50.0,[0.    0.008 0.892 0.1  ],[0.    0.008 0.892 0.1   0.   ],[0.    0.    0.    0.008 0.    0.892 0.    0.1   0.    0.   ],0.8559999999999999,0.865,0.88
29,51.0,[0.023 0.101 0.663 0.213],[0.023 0.101 0.663 0.213 0.   ],[0.    0.023 0.    0.101 0.    0.663 0.    0.213 0.    0.   ],0.5506666666666667,0.5950000000000001,0.7522222222222222
30,52.0,[0.072 0.127 0.566 0.235],[0.072 0.127 0.566 0.234 0.001],[0.    0.072 0.    0.127 0.    0.566 0.    0.234 0.    0.001],0.42133333333333334,0.5,0.6966666666666667
31,53.0,[0.035 0.197 0.472 0.297],[0.035 0.197 0.472 0.28  0.017],[0.    0.035 0.    0.197 0.    0.472 0.    0.28  0.    0.017],0.35799999999999993,0.439375,0.7205555555555555
32,54.0,[0.    0.009 0.743 0.249],[0.    0.009 0.743 0.243 0.005],[0.    0.    0.    0.009 0.    0.743 0.    0.243 0.    0.005],0.6566666666666666,0.7324999999999999,0.8733333333333333
33,55.0,[0.009 0.11  0.594 0.287],[0.009 0.11  0.594 0.284 0.003],[0.    0.009 0.    0.11  0.    0.594 0.    0.284 0.    0.003],0.508,0.5974999999999999,0.7644444444444444
34,56.0,[0.016 0.156 0.672 0.156],[0.016 0.156 0.672 0.131 0.025],[0.    0.016 0.    0.156 0.    0.672 0.    0.131 0.    0.025],0.5626666666666666,0.5900000000000001,0.7322222222222222
35,57.0,[0.    0.069 0.606 0.325],[0.    0.069 0.606 0.325 0.   ],[0.    0.    0.    0.069 0.    0.606 0.    0.325 0.    0.   ],0.5746666666666665,0.66375,0.8122222222222223
36,58.0,[0.131 0.079 0.593 0.197],[0.131 0.079 0.593 0.197 0.   ],[0.    0.131 0.    0.079 0.    0.593 0.    0.197 0.    0.   ],0.4573333333333333,0.49125,0.6900000000000001
37,59.0,[0.003 0.015 0.467 0.515],[0.003 0.015 0.467 0.291 0.224],[0.    0.003 0.    0.015 0.    0.467 0.    0.291 0.    0.224],0.6426666666666667,0.4775,0.7577777777777779
38,60.0,[0.003 0.171 0.573 0.253],[0.003 0.171 0.573 0.248 0.005],[0.    0.003 0.    0.171 0.    0.573 0.    0.248 0.    0.005],0.4346666666666666,0.52625,0.768888888888889
39,61.0,[0.015 0.171 0.539 0.276],[0.015 0.171 0.539 0.265 0.011],[0.    0.015 0.    0.171 0.    0.539 0.    0.265 0.    0.011],0.41933333333333334,0.504375,0.7494444444444446
40,62.0,[0.022 0.222 0.442 0.314],[0.022 0.222 0.442 0.287 0.027],[0.    0.022 0.    0.222 0.    0.442 0.    0.287 0.    0.027],0.3413333333333333,0.43875,0.7233333333333334
41,63.0,[0.    0.059 0.588 0.353],[0.    0.059 0.588 0.118 0.235],[0.    0.    0.    0.059 0.    0.588 0.    0.118 0.    0.235],0.588,0.5287499999999998,0.7122222222222222
42,64.0,[0.    0.2   0.657 0.143],[0.    0.2   0.657 0.143 0.   ],[0.    0.    0.    0.2   0.    0.657 0.    0.143 0.    0.   ],0.5426666666666667,0.57125,0.7777777777777779
43,65.0,[0.028 0.278 0.556 0.139],[0.028 0.278 0.556 0.139 0.   ],[0.    0.028 0.    0.278 0.    0.556 0.    0.139 0.    0.   ],0.4446666666666667,0.541875,0.7472222222222223
44,67.0,[0.002 0.005 0.748 0.245],[0.002 0.005 0.748 0.243 0.002],[0.    0.002 0.    0.005 0.    0.748 0.    0.243 0.    0.002],0.664,0.7387499999999999,0.8788888888888889
45,68.0,[0.012 0.219 0.443 0.326],[0.012 0.219 0.443 0.262 0.064],[0.    0.012 0.    0.219 0.    0.443 0.    0.262 0.    0.064],0.3586666666666667,0.40499999999999997,0.6933333333333335
46,69.0,[0.011 0.103 0.603 0.283],[0.011 0.103 0.603 0.242 0.041],[0.    0.011 0.    0.103 0.    0.603 0.    0.242 0.    0.041],0.5146666666666667,0.55625,0.72
47,70.0,[0.    0.346 0.325 0.329],[0.    0.346 0.325 0.165 0.165],[0.    0.    0.    0.346 0.    0.325 0.    0.165 0.    0.165],0.3333333333333333,0.338125,0.6672222222222223
48,71.0,[0.    0.    0.444 0.556],[0.    0.    0.444 0.222 0.333],[0.    0.    0.    0.    0.    0.444 0.    0.222 0.    0.333],0.6666666666666666,0.499375,0.7772222222222223
49,72.0,[0.    0.129 0.743 0.129],[0.    0.129 0.743 0.129 0.   ],[0.    0.    0.    0.129 0.    0.743 0.    0.129 0.    0.   ],0.6566666666666666,0.678125,0.7783333333333334
50,73.0,[0.   0.   0.97 0.03],[0.   0.   0.97 0.03 0.  ],[0.   0.   0.   0.   0.   0.97 0.   0.03 0.   0.  ],0.96,0.9624999999999998,0.9666666666666668
51,75.0,[0.007 0.075 0.915 0.003],[0.007 0.075 0.915 0.003 0.   ],[0.    0.007 0.    0.075 0.    0.915 0.    0.003 0.    0.   ],0.8866666666666667,0.89375,0.9055555555555557
52,76.0,[0.005 0.208 0.48  0.308],[0.005 0.208 0.48  0.289 0.019],[0.    0.005 0.    0.208 0.    0.48  0.    0.289 0.    0.019],0.3833333333333333,0.47062499999999996,0.7516666666666666
53,77.0,[0.061 0.191 0.489 0.259],[0.061 0.191 0.489 0.259 0.   ],[0.    0.061 0.    0.191 0.    0.489 0.    0.259 0.    0.   ],0.33066666666666666,0.43499999999999994,0.7100000000000001
54,78.0,[0.005 0.136 0.561 0.298],[0.005 0.136 0.561 0.294 0.004],[0.    0.005 0.    0.136 0.    0.561 0.    0.294 0.    0.004],0.47866666666666663,0.5687500000000001,0.7677777777777778
55,79.0,[0.04  0.29  0.573 0.096],[0.04  0.29  0.573 0.061 0.035],[0.    0.04  0.    0.29  0.    0.573 0.    0.061 0.    0.035],0.48466666666666663,0.579375,0.7372222222222222
56,80.0,[0.032 0.146 0.664 0.158],[0.032 0.146 0.664 0.139 0.019],[0.    0.032 0.    0.146 0.    0.664 0.    0.139 0.    0.019],0.5519999999999999,0.5800000000000001,0.7211111111111111
57,81.0,[0.138 0.069 0.712 0.081],[0.138 0.069 0.712 0.081 0.   ],[0.    0.138 0.    0.069 0.    0.712 0.    0.081 0.    0.   ],0.616,0.64,0.7222222222222223
58,82.0,[0.01  0.188 0.529 0.272],[0.01  0.188 0.529 0.272 0.   ],[0.    0.01  0.    0.188 0.    0.529 0.    0.272 0.    0.   ],0.40199999999999997,0.501875,0.7661111111111112
59,83.0,[0.009 0.184 0.582 0.226],[0.009 0.184 0.582 0.22  0.006],[0.    0.009 0.    0.184 0.    0.582 0.    0.22  0.    0.006],0.442,0.501875,0.7616666666666667
60,84.0,[0.037 0.031 0.755 0.176],[0.037 0.031 0.755 0.17  0.006],[0.    0.037 0.    0.031 0.    0.755 0.    0.17  0.    0.006],0.674,0.694375,0.8061111111111112
61,85.0,[0.051 0.178 0.508 0.263],[0.051 0.178 0.508 0.261 0.002],[0.    0.051 0.    0.178 0.    0.508 0.    0.261 0.    0.002],0.36133333333333334,0.46125,0.718888888888889
62,86.0,[0.032 0.115 0.577 0.276],[0.032 0.115 0.577 0.26  0.016],[0.    0.032 0.    0.115 0.    0.577 0.    0.26  0.    0.016],0.4706666666666666,0.5462499999999999,0.7244444444444446
63,87.0,[0.017 0.112 0.61  0.262],[0.017 0.112 0.61  0.241 0.021],[0.    0.017 0.    0.112 0.    0.61  0.    0.241 0.    0.021],0.49533333333333335,0.563125,0.736111111111111
64,88.0,[0.031 0.212 0.631 0.126],[0.031 0.212 0.631 0.126 0.   ],[0.    0.031 0.    0.212 0.    0.631 0.    0.126 0.    0.   ],0.508,0.5537499999999999,0.7433333333333334
65,89.0,[0.    0.02  0.781 0.199],[0.    0.02  0.781 0.199 0.   ],[0.    0.    0.    0.02  0.    0.781 0.    0.199 0.    0.   ],0.7080000000000001,0.72625,0.8666666666666667
66,90.0,[0.008 0.088 0.657 0.247],[0.008 0.088 0.657 0.238 0.009],[0.    0.008 0.    0.088 0.    0.657 0.    0.238 0.    0.009],0.5426666666666667,0.6187500000000001,0.7722222222222223
67,91.0,[0.  0.  0.5 0.5],[0.  0.  0.5 0.5 0. ],[0.  0.  0.  0.  0.  0.5 0.  0.5 0.  0. ],0.6666666666666666,0.7499999999999999,0.888888888888889
68,92.0,[0.002 0.075 0.376 0.548],[0.002 0.075 0.376 0.547 0.001],[0.    0.002 0.    0.075 0.    0.376 0.    0.547 0.    0.001],0.5646666666666667,0.6531250000000001,0.8027777777777778
69,93.0,[0.067 0.081 0.456 0.396],[0.067 0.081 0.456 0.361 0.035],[0.    0.067 0.    0.081 0.    0.456 0.    0.361 0.    0.035],0.4693333333333334,0.52125,0.6855555555555556
70,94.0,[0.002 0.146 0.415 0.437],[0.002 0.146 0.415 0.314 0.123],[0.    0.002 0.    0.146 0.    0.415 0.    0.314 0.    0.123],0.4693333333333333,0.41124999999999995,0.6644444444444444
71,95.0,[0.158 0.147 0.366 0.329],[0.158 0.147 0.366 0.318 0.011],[0.    0.158 0.    0.147 0.    0.366 0.    0.318 0.    0.011],0.26,0.35500000000000004,0.6544444444444444
72,96.0,[0.011 0.255 0.714 0.02 ],[0.011 0.255 0.714 0.016 0.005],[0.    0.011 0.    0.255 0.    0.714 0.    0.016 0.    0.005],0.6253333333333333,0.710625,0.8538888888888888
73,97.0,[0.    0.224 0.224 0.551],[0.    0.224 0.224 0.551 0.   ],[0.    0.    0.    0.224 0.    0.224 0.    0.551 0.    0.   ],0.4020000000000001,0.49937499999999996,0.7772222222222224
74,98.0,[0.    0.019 0.907 0.075],[0.    0.019 0.907 0.056 0.019],[0.    0.    0.    0.019 0.    0.907 0.    0.056 0.    0.019],0.8753333333333333,0.8831250000000002,0.8961111111111112
75,100.0,[0.003 0.02  0.843 0.133],[0.003 0.02  0.843 0.133 0.   ],[0.    0.003 0.    0.02  0.    0.843 0.    0.133 0.    0.   ],0.7913333333333332,0.804375,0.8627777777777779
76,101.0,[0.003 0.059 0.877 0.061],[0.003 0.059 0.877 0.061 0.   ],[0.    0.003 0.    0.059 0.    0.877 0.    0.061 0.    0.   ],0.836,0.8462500000000001,0.8633333333333335
77,102.0,[0.444 0.039 0.356 0.161],[0.444 0.039 0.356 0.16  0.001],[0.    0.444 0.    0.039 0.    0.356 0.    0.16  0.    0.001],0.39999999999999997,0.5,0.7333333333333334
78,103.0,[0.017 0.174 0.471 0.338],[0.017 0.174 0.471 0.322 0.016],[0.    0.017 0.    0.174 0.    0.471 0.    0.322 0.    0.016],0.4120000000000001,0.49125,0.7411111111111112
79,104.0,[0.007 0.014 0.745 0.234],[0.007 0.014 0.745 0.202 0.032],[0.    0.007 0.    0.014 0.    0.745 0.    0.202 0.    0.032],0.66,0.6837499999999999,0.8300000000000001
80,105.0,[0.024 0.332 0.466 0.177],[0.024 0.332 0.466 0.176 0.001],[0.    0.024 0.    0.332 0.    0.466 0.    0.176 0.    0.001],0.39799999999999996,0.4981250000000001,0.7494444444444445
81,106.0,[0.008 0.172 0.676 0.144],[0.008 0.172 0.676 0.143 0.001],[0.    0.008 0.    0.172 0.    0.676 0.    0.143 0.    0.001],0.568,0.5950000000000001,0.7677777777777778
82,107.0,[0.071 0.109 0.649 0.171],[0.071 0.109 0.649 0.166 0.005],[0.    0.071 0.    0.109 0.    0.649 0.    0.166 0.    0.005],0.532,0.56125,0.6933333333333334
83,108.0,[0.065 0.115 0.608 0.212],[0.065 0.115 0.608 0.207 0.005],[0.    0.065 0.    0.115 0.    0.608 0.    0.207 0.    0.005],0.47733333333333333,0.51875,0.7
84,109.0,[0.01  0.053 0.413 0.524],[0.01  0.053 0.413 0.524 0.001],[0.    0.01  0.    0.053 0.    0.413 0.    0.524 0.    0.001],0.5826666666666667,0.670625,0.8183333333333334
85,110.0,[0.023 0.182 0.488 0.307],[0.023 0.182 0.488 0.294 0.013],[0.    0.023 0.    0.182 0.    0.488 0.    0.294 0.    0.013],0.39333333333333337,0.4775,0.7377777777777778
86,111.0,[0.046 0.197 0.503 0.254],[0.046 0.197 0.503 0.236 0.018],[0.    0.046 0.    0.197 0.    0.503 0.    0.236 0.    0.018],0.3426666666666667,0.42375,0.7066666666666668
87,112.0,[0.017 0.123 0.63  0.23 ],[0.017 0.123 0.63  0.228 0.002],[0.    0.017 0.    0.123 0.    0.63  0.    0.228 0.    0.002],0.5066666666666667,0.5724999999999999,0.7566666666666667
88,113.0,[0.087 0.104 0.598 0.211],[0.087 0.104 0.598 0.188 0.023],[0.    0.087 0.    0.104 0.    0.598 0.    0.188 0.    0.023],0.464,0.4975,0.6555555555555557
89,114.0,[0.025 0.071 0.629 0.275],[0.025 0.071 0.629 0.275 0.   ],[0.    0.025 0.    0.071 0.    0.629 0.    0.275 0.    0.   ],0.5386666666666667,0.63,0.7822222222222224
90,115.0,[0.143 0.218 0.489 0.15 ],[0.143 0.218 0.489 0.142 0.008],[0.    0.143 0.    0.218 0.    0.489 0.    0.142 0.    0.008],0.31866666666666665,0.38375000000000004,0.6577777777777779
91,116.0,[0.    0.03  0.772 0.198],[0.    0.03  0.772 0.188 0.01 ],[0.    0.    0.    0.03  0.    0.772 0.    0.188 0.    0.01 ],0.6960000000000001,0.7150000000000001,0.8444444444444446
92,117.0,[0.014 0.137 0.589 0.26 ],[0.014 0.137 0.589 0.243 0.017],[0.    0.014 0.    0.137 0.    0.589 0.    0.243 0.    0.017],0.4653333333333333,0.5399999999999999,0.7433333333333334
93,118.0,[0.242 0.203 0.462 0.092],[0.242 0.203 0.462 0.092 0.   ],[0.    0.242 0.    0.203 0.    0.462 0.    0.092 0.    0.   ],0.2833333333333334,0.38437499999999997,0.675
94,119.0,[0.029 0.199 0.565 0.208],[0.029 0.199 0.565 0.195 0.012],[0.    0.029 0.    0.199 0.    0.565 0.    0.195 0.    0.012],0.41933333333333334,0.45625,0.7322222222222222
95,120.0,[0.008 0.316 0.482 0.195],[0.008 0.316 0.482 0.193 0.001],[0.    0.008 0.    0.316 0.    0.482 0.    0.193 0.    0.001],0.39666666666666667,0.4975,0.7677777777777778
96,121.0,[0.123 0.251 0.45  0.176],[0.123 0.251 0.45  0.138 0.038],[0.    0.123 0.    0.251 0.    0.45  0.    0.138 0.    0.038],0.268,0.37625,0.6244444444444445
97,122.0,[0.058 0.132 0.521 0.289],[0.058 0.132 0.521 0.271 0.018],[0.    0.058 0.    0.132 0.    0.521 0.    0.271 0.    0.018],0.4133333333333333,0.49000000000000005,0.6933333333333335
98,123.0,[0.034 0.536 0.411 0.019],[0.034 0.536 0.411 0.017 0.002],[0.    0.034 0.    0.536 0.    0.411 0.    0.017 0.    0.002],0.596,0.6837499999999999,0.83
99,124.0,[0.002 0.219 0.746 0.032],[0.002 0.219 0.746 0.032 0.   ],[0.    0.002 0.    0.219 0.    0.746 0.    0.032 0.    0.   ],0.662,0.7068749999999999,0.8505555555555556
100,125.0,[0.    0.014 0.986 0.   ],[0.    0.014 0.986 0.    0.   ],[0.    0.    0.    0.014 0.    0.986 0.    0.    0.    0.   ],0.9813333333333333,0.9825,0.9844444444444446
101,126.0,[0. 1. 0. 0.],[0. 1. 0. 0. 0.],[0. 0. 0. 1. 0. 0. 0. 0. 0. 0.],1.0,0.9999999999999999,1.0000000000000002
102,127.0,[0.    0.016 0.984 0.   ],[0.    0.016 0.984 0.    0.   ],[0.    0.    0.    0.016 0.    0.984 0.    0.    0.    0.   ],0.9786666666666667,0.98,0.9822222222222223
103,128.0,[0.02  0.235 0.412 0.333],[0.02  0.235 0.412 0.314 0.02 ],[0.    0.02  0.    0.235 0.    0.412 0.    0.314 0.    0.02 ],0.3266666666666667,0.45062499999999994,0.7338888888888889
104,129.0,[0.    0.    0.985 0.015],[0.    0.    0.985 0.015 0.   ],[0.    0.    0.    0.    0.    0.985 0.    0.015 0.    0.   ],0.9799999999999999,0.98125,0.9833333333333333
105,131.0,[0.    0.083 0.75  0.167],[0.    0.083 0.75  0.167 0.   ],[0.    0.    0.    0.083 0.    0.75  0.    0.167 0.    0.   ],0.6666666666666666,0.6875,0.7966666666666667
106,132.0,[0.008 0.115 0.596 0.281],[0.008 0.115 0.596 0.266 0.015],[0.    0.008 0.    0.115 0.    0.596 0.    0.266 0.    0.015],0.5026666666666667,0.5775,0.7522222222222222
107,133.0,[0.029 0.148 0.516 0.307],[0.029 0.148 0.516 0.299 0.009],[0.    0.029 0.    0.148 0.    0.516 0.    0.299 0.    0.009],0.4306666666666666,0.518125,0.736111111111111
108,134.0,[0.036 0.07  0.5   0.393],[0.036 0.07  0.5   0.39  0.003],[0.    0.036 0.    0.07  0.    0.5   0.    0.39  0.    0.003],0.5246666666666667,0.613125,0.7672222222222224
109,135.0,[0.031 0.101 0.43  0.438],[0.031 0.101 0.43  0.416 0.023],[0.    0.031 0.    0.101 0.    0.43  0.    0.416 0.    0.023],0.49066666666666664,0.556875,0.7183333333333333
110,136.0,[0.026 0.091 0.527 0.357],[0.026 0.091 0.527 0.354 0.003],[0.    0.026 0.    0.091 0.    0.527 0.    0.354 0.    0.003],0.5113333333333333,0.600625,0.7561111111111112
111,137.0,[0.047 0.179 0.545 0.229],[0.047 0.179 0.545 0.221 0.008],[0.    0.047 0.    0.179 0.    0.545 0.    0.221 0.    0.008],0.39333333333333337,0.45750000000000013,0.7166666666666668
112,138.0,[0.035 0.173 0.616 0.177],[0.035 0.173 0.616 0.155 0.022],[0.    0.035 0.    0.173 0.    0.616 0.    0.155 0.    0.022],0.4873333333333334,0.519375,0.7150000000000001
113,139.0,[0.022 0.07  0.496 0.412],[0.022 0.07  0.496 0.398 0.014],[0.    0.022 0.    0.07  0.    0.496 0.    0.398 0.    0.014],0.544,0.6174999999999999,0.7711111111111112
114,140.0,[0.019 0.25  0.647 0.084],[0.019 0.25  0.647 0.082 0.001],[0.    0.019 0.    0.25  0.    0.647 0.    0.082 0.    0.001],0.5293333333333333,0.6218750000000001,0.775
115,141.0,[0.046 0.154 0.598 0.202],[0.046 0.154 0.598 0.201 0.001],[0.    0.046 0.    0.154 0.    0.598 0.    0.201 0.    0.001],0.46399999999999997,0.49875,0.7255555555555556
116,142.0,[0.011 0.109 0.575 0.306],[0.011 0.109 0.575 0.262 0.043],[0.    0.011 0.    0.109 0.    0.575 0.    0.262 0.    0.043],0.5073333333333333,0.54625,0.7177777777777777
117,143.0,[0.018 0.167 0.557 0.259],[0.018 0.167 0.557 0.196 0.063],[0.    0.018 0.    0.167 0.    0.557 0.    0.196 0.    0.063],0.42066666666666674,0.44562500000000005,0.6883333333333334
118,144.0,[0.019 0.141 0.567 0.273],[0.019 0.141 0.567 0.255 0.018],[0.    0.019 0.    0.141 0.    0.567 0.    0.255 0.    0.018],0.45333333333333337,0.5275,0.7366666666666667
119,145.0,[0.031 0.183 0.613 0.174],[0.031 0.183 0.613 0.161 0.013],[0.    0.031 0.    0.183 0.    0.613 0.    0.161 0.    0.013],0.4833333333333334,0.5156249999999999,0.7294444444444445
120,146.0,[0.093 0.336 0.502 0.07 ],[0.093 0.336 0.502 0.069 0.   ],[0.    0.093 0.    0.336 0.    0.502 0.    0.069 0.    0.   ],0.45,0.5475,0.708888888888889
121,147.0,[0.018 0.173 0.673 0.135],[0.018 0.173 0.673 0.135 0.001],[0.    0.018 0.    0.173 0.    0.673 0.    0.135 0.    0.001],0.5646666666666668,0.59125,0.7566666666666667
122,148.0,[0.005 0.142 0.66  0.192],[0.005 0.142 0.66  0.192 0.   ],[0.    0.005 0.    0.142 0.    0.66  0.    0.192 0.    0.   ],0.5473333333333333,0.5756249999999999,0.7716666666666667
123,149.0,[0.025 0.041 0.733 0.2  ],[0.025 0.041 0.733 0.199 0.001],[0.    0.025 0.    0.041 0.    0.733 0.    0.199 0.    0.001],0.6446666666666667,0.6668749999999999,0.8138888888888889
124,150.0,[0. 0. 0. 1.],[0. 0. 0. 1. 0.],[0. 0. 0. 0. 0. 0. 0. 1. 0. 0.],1.0,1.0,1.0000000000000002
125,151.0,[0.018 0.275 0.433 0.274],[0.018 0.275 0.433 0.272 0.002],[0.    0.018 0.    0.275 0.    0.433 0.    0.272 0.    0.002],0.30933333333333335,0.475,0.7555555555555555
126,152.0,[0.388 0.37  0.091 0.152],[0.388 0.37  0.091 0.15  0.002],[0.    0.388 0.    0.37  0.    0.091 0.    0.15  0.    0.002],0.3433333333333333,0.446875,0.675
127,153.0,[0.007 0.072 0.557 0.364],[0.007 0.072 0.557 0.364 0.   ],[0.    0.007 0.    0.072 0.    0.557 0.    0.364 0.    0.   ],0.5613333333333334,0.65125,0.8011111111111112
128,154.0,[0.004 0.196 0.516 0.284],[0.004 0.196 0.516 0.284 0.   ],[0.    0.004 0.    0.196 0.    0.516 0.    0.284 0.    0.   ],0.4000000000000001,0.5,0.7733333333333335
129,155.0,[0.    0.006 0.771 0.223],[0.    0.006 0.771 0.189 0.034],[0.    0.    0.    0.006 0.    0.771 0.    0.189 0.    0.034],0.6946666666666667,0.7137499999999999,0.8444444444444446
130,156.0,[0.001 0.059 0.663 0.277],[0.001 0.059 0.663 0.275 0.001],[0.    0.001 0.    0.059 0.    0.663 0.    0.275 0.    0.001],0.5866666666666667,0.6731250000000001,0.8205555555555556
131,157.0,[0.003 0.279 0.575 0.143],[0.003 0.279 0.575 0.099 0.043],[0.    0.003 0.    0.279 0.    0.575 0.    0.099 0.    0.043],0.472,0.568125,0.7272222222222222
132,158.0,[0.051 0.147 0.598 0.204],[0.051 0.147 0.598 0.199 0.004],[0.    0.051 0.    0.147 0.    0.598 0.    0.199 0.    0.004],0.464,0.49812499999999993,0.7161111111111111
133,159.0,[0.015 0.111 0.602 0.272],[0.015 0.111 0.602 0.257 0.015],[0.    0.015 0.    0.111 0.    0.602 0.    0.257 0.    0.015],0.49866666666666665,0.5737499999999999,0.7444444444444445
134,160.0,[0.009 0.147 0.531 0.313],[0.009 0.147 0.531 0.292 0.021],[0.    0.009 0.    0.147 0.    0.531 0.    0.292 0.    0.021],0.4586666666666666,0.52875,0.7444444444444445
135,161.0,[0.012 0.183 0.504 0.301],[0.012 0.183 0.504 0.296 0.005],[0.    0.012 0.    0.183 0.    0.504 0.    0.296 0.    0.005],0.40666666666666657,0.5,0.758888888888889
136,162.0,[0.017 0.118 0.503 0.363],[0.017 0.118 0.503 0.316 0.047],[0.    0.017 0.    0.118 0.    0.503 0.    0.316 0.    0.047],0.48733333333333334,0.5231250000000001,0.7072222222222222
137,163.0,[0.024 0.159 0.502 0.314],[0.024 0.159 0.502 0.308 0.006],[0.    0.024 0.    0.159 0.    0.502 0.    0.308 0.    0.006],0.422,0.5131249999999999,0.7438888888888889
138,164.0,[0.03  0.2   0.455 0.315],[0.03  0.2   0.455 0.314 0.001],[0.    0.03  0.    0.2   0.    0.455 0.    0.314 0.    0.001],0.36000000000000004,0.46125,0.7433333333333333
139,165.0,[0.027 0.125 0.441 0.407],[0.027 0.125 0.441 0.384 0.022],[0.    0.027 0.    0.125 0.    0.441 0.    0.384 0.    0.022],0.46399999999999997,0.531875,0.7227777777777779
140,166.0,[0.07  0.112 0.506 0.313],[0.07  0.112 0.506 0.308 0.004],[0.    0.07  0.    0.112 0.    0.506 0.    0.308 0.    0.004],0.4246666666666667,0.5175,0.6955555555555557
141,167.0,[0.018 0.166 0.585 0.231],[0.018 0.166 0.585 0.209 0.023],[0.    0.018 0.    0.166 0.    0.585 0.    0.209 0.    0.023],0.4466666666666667,0.491875,0.7327777777777778
142,168.0,[0.055 0.239 0.464 0.243],[0.055 0.239 0.464 0.183 0.06 ],[0.    0.055 0.    0.239 0.    0.464 0.    0.183 0.    0.06 ],0.2846666666666667,0.378125,0.6505555555555557
143,169.0,[0.068 0.177 0.461 0.294],[0.068 0.177 0.461 0.28  0.014],[0.    0.068 0.    0.177 0.    0.461 0.    0.28  0.    0.014],0.34,0.42625,0.6866666666666668
144,170.0,[0.04  0.127 0.577 0.257],[0.04  0.127 0.577 0.222 0.035],[0.    0.04  0.    0.127 0.    0.577 0.    0.222 0.    0.035],0.4446666666666666,0.498125,0.695
145,171.0,[0.047 0.138 0.51  0.306],[0.047 0.138 0.51  0.273 0.033],[0.    0.047 0.    0.138 0.    0.51  0.    0.273 0.    0.033],0.4206666666666667,0.4781250000000001,0.6894444444444445
146,172.0,[0.05  0.182 0.511 0.257],[0.05  0.182 0.511 0.246 0.011],[0.    0.05  0.    0.182 0.    0.511 0.    0.246 0.    0.011],0.35733333333333334,0.44625,0.71
147,173.0,[0.015 0.169 0.664 0.151],[0.015 0.169 0.664 0.151 0.001],[0.    0.015 0.    0.169 0.    0.664 0.    0.151 0.    0.001],0.5526666666666666,0.5800000000000001,0.76
148,174.0,[0.036 0.101 0.568 0.295],[0.036 0.101 0.568 0.273 0.023],[0.    0.036 0.    0.101 0.    0.568 0.    0.273 0.    0.023],0.484,0.5506249999999999,0.7127777777777777
149,175.0,[0.05  0.062 0.791 0.096],[0.05  0.062 0.791 0.096 0.   ],[0.    0.05  0.    0.063 0.    0.791 0.    0.096 0.    0.   ],0.722,0.739375,0.7677777777777778
150,176.0,[0.136 0.057 0.793 0.015],[0.136 0.057 0.793 0.004 0.01 ],[0.    0.136 0.    0.057 0.    0.793 0.    0.004 0.    0.01 ],0.7233333333333333,0.74125,0.8100000000000002
151,177.0,[0.008 0.252 0.563 0.176],[0.008 0.252 0.563 0.169 0.007],[0.    0.008 0.    0.252 0.    0.563 0.    0.169 0.    0.007],0.4206666666666667,0.5193749999999999,0.7605555555555555
152,178.0,[0.016 0.024 0.729 0.231],[0.016 0.024 0.729 0.23  0.001],[0.    0.016 0.    0.024 0.    0.729 0.    0.23  0.    0.001],0.6386666666666666,0.6987499999999999,0.8433333333333333
153,179.0,[0.042 0.122 0.631 0.205],[0.042 0.122 0.631 0.204 0.001],[0.    0.042 0.    0.122 0.    0.631 0.    0.204 0.    0.001],0.508,0.5437500000000001,0.73
154,180.0,[0.035 0.179 0.594 0.192],[0.035 0.179 0.594 0.181 0.012],[0.    0.035 0.    0.179 0.    0.594 0.    0.181 0.    0.012],0.4586666666666666,0.49187499999999995,0.726111111111111
155,181.0,[0.027 0.125 0.515 0.333],[0.027 0.125 0.515 0.313 0.019],[0.    0.027 0.    0.125 0.    0.515 0.    0.313 0.    0.019],0.46399999999999997,0.535625,0.7261111111111112
156,182.0,[0.043 0.14  0.525 0.292],[0.043 0.14  0.525 0.271 0.021],[0.    0.043 0.    0.14  0.    0.525 0.    0.271 0.    0.021],0.42266666666666675,0.495,0.7066666666666667
157,183.0,[0.024 0.116 0.533 0.327],[0.024 0.116 0.533 0.319 0.008],[0.    0.024 0.    0.116 0.    0.533 0.    0.319 0.    0.008],0.48,0.565,0.7422222222222223
158,184.0,[0.02  0.104 0.584 0.292],[0.02  0.104 0.584 0.28  0.011],[0.    0.02  0.    0.104 0.    0.584 0.    0.28  0.    0.011],0.5013333333333333,0.580625,0.7427777777777778
159,185.0,[0.015 0.071 0.529 0.386],[0.015 0.071 0.529 0.382 0.004],[0.    0.015 0.    0.071 0.    0.529 0.    0.382 0.    0.004],0.5526666666666668,0.6381249999999999,0.7894444444444446
160,186.0,[0.014 0.118 0.546 0.322],[0.014 0.118 0.546 0.288 0.034],[0.    0.014 0.    0.118 0.    0.546 0.    0.288 0.    0.034],0.49066666666666664,0.5425,0.7244444444444446
161,187.0,[0.046 0.1   0.505 0.349],[0.046 0.1   0.505 0.344 0.005],[0.    0.046 0.    0.1   0.    0.505 0.    0.344 0.    0.005],0.472,0.5612499999999999,0.7211111111111111
162,188.0,[0.047 0.133 0.508 0.312],[0.047 0.133 0.508 0.296 0.016],[0.    0.047 0.    0.133 0.    0.508 0.    0.296 0.    0.016],0.42666666666666675,0.505,0.707777777777778
163,189.0,[0.05  0.109 0.509 0.332],[0.05  0.109 0.509 0.328 0.004],[0.    0.05  0.    0.109 0.    0.509 0.    0.328 0.    0.004],0.4546666666666668,0.54625,0.717777777777778
164,190.0,[0.033 0.261 0.478 0.228],[0.033 0.261 0.478 0.222 0.006],[0.    0.033 0.    0.261 0.    0.478 0.    0.222 0.    0.006],0.31866666666666665,0.45125,0.7344444444444446
165,191.0,[0.028 0.163 0.554 0.256],[0.028 0.163 0.554 0.256 0.   ],[0.    0.028 0.    0.163 0.    0.554 0.    0.256 0.    0.   ],0.4126666666666667,0.511875,0.7472222222222223
166,192.0,[0.023 0.157 0.544 0.275],[0.023 0.157 0.544 0.271 0.004],[0.    0.023 0.    0.157 0.    0.544 0.    0.271 0.    0.004],0.4260000000000001,0.5193749999999999,0.7472222222222223
167,193.0,[0.019 0.171 0.538 0.272],[0.019 0.171 0.538 0.251 0.021],[0.    0.019 0.    0.171 0.    0.538 0.    0.251 0.    0.021],0.4133333333333334,0.48625,0.7333333333333334
168,194.0,[0.042 0.178 0.51  0.27 ],[0.042 0.178 0.51  0.269 0.001],[0.    0.042 0.    0.178 0.    0.51  0.    0.269 0.    0.001],0.37333333333333335,0.47375,0.73
169,195.0,[0.048 0.142 0.573 0.237],[0.048 0.142 0.573 0.219 0.018],[0.    0.048 0.    0.142 0.    0.573 0.    0.219 0.    0.018],0.4306666666666667,0.49,0.7044444444444444
170,196.0,[0.067 0.164 0.569 0.2  ],[0.067 0.164 0.569 0.181 0.019],[0.    0.067 0.    0.164 0.    0.569 0.    0.181 0.    0.019],0.4253333333333333,0.46125,0.6822222222222223
171,197.0,[0.007 0.191 0.619 0.183],[0.007 0.191 0.619 0.182 0.001],[0.    0.007 0.    0.191 0.    0.619 0.    0.182 0.    0.001],0.492,0.52375,0.768888888888889
172,198.0,[0.045 0.162 0.676 0.116],[0.045 0.162 0.676 0.099 0.017],[0.    0.045 0.    0.162 0.    0.676 0.    0.099 0.    0.017],0.5686666666666668,0.595625,0.7094444444444445
173,199.0,[0.012 0.037 0.724 0.227],[0.012 0.037 0.724 0.195 0.032],[0.    0.012 0.    0.037 0.    0.724 0.    0.195 0.    0.032],0.632,0.655,0.798888888888889
174,200.0,[0.013 0.188 0.544 0.255],[0.013 0.188 0.544 0.205 0.051],[0.    0.013 0.    0.188 0.    0.544 0.    0.205 0.    0.051],0.39866666666666667,0.43562500000000004,0.7072222222222223
175,201.0,[0.037 0.093 0.627 0.244],[0.037 0.093 0.627 0.244 0.   ],[0.    0.037 0.    0.093 0.    0.627 0.    0.244 0.    0.   ],0.502,0.588125,0.7450000000000001
176,202.0,[0.018 0.164 0.532 0.286],[0.018 0.164 0.532 0.257 0.029],[0.    0.018 0.    0.164 0.    0.532 0.    0.257 0.    0.029],0.4240000000000001,0.48625,0.7255555555555556
177,203.0,[0.024 0.176 0.596 0.205],[0.024 0.176 0.596 0.202 0.003],[0.    0.024 0.    0.176 0.    0.596 0.    0.202 0.    0.003],0.4606666666666667,0.49687499999999996,0.7483333333333333
178,204.0,[0.092 0.039 0.601 0.269],[0.092 0.039 0.601 0.2   0.069],[0.    0.092 0.    0.039 0.    0.601 0.    0.2   0.    0.069],0.49266666666666664,0.5006249999999999,0.6672222222222222
179,205.0,[0.113 0.082 0.577 0.228],[0.113 0.082 0.577 0.21  0.018],[0.    0.113 0.    0.082 0.    0.577 0.    0.21  0.    0.018],0.43599999999999994,0.48375,0.6666666666666667
180,206.0,[0.014 0.119 0.502 0.365],[0.014 0.119 0.502 0.337 0.028],[0.    0.014 0.    0.119 0.    0.502 0.    0.337 0.    0.028],0.48933333333333334,0.54875,0.7311111111111112
181,207.0,[0.011 0.12  0.572 0.296],[0.011 0.12  0.572 0.284 0.012],[0.    0.011 0.    0.12  0.    0.572 0.    0.284 0.    0.012],0.49133333333333323,0.5706249999999999,0.7516666666666666
182,208.0,[0.025 0.152 0.44  0.383],[0.025 0.152 0.44  0.367 0.017],[0.    0.025 0.    0.152 0.    0.44  0.    0.367 0.    0.017],0.4306666666666667,0.5081249999999999,0.7316666666666666
183,209.0,[0.044 0.091 0.551 0.315],[0.044 0.091 0.551 0.282 0.033],[0.    0.044 0.    0.091 0.    0.551 0.    0.282 0.    0.033],0.4873333333333334,0.540625,0.7027777777777777
184,210.0,[0.018 0.161 0.513 0.308],[0.018 0.161 0.513 0.287 0.021],[0.    0.018 0.    0.161 0.    0.513 0.    0.287 0.    0.021],0.4280000000000001,0.5,0.7344444444444445
185,211.0,[0.041 0.133 0.484 0.342],[0.041 0.133 0.484 0.335 0.007],[0.    0.041 0.    0.133 0.    0.484 0.    0.335 0.    0.007],0.4346666666666666,0.52375,0.7244444444444444
186,212.0,[0.038 0.154 0.504 0.304],[0.038 0.154 0.504 0.293 0.012],[0.    0.038 0.    0.154 0.    0.504 0.    0.293 0.    0.012],0.41066666666666674,0.4956249999999999,0.7227777777777779
187,213.0,[0.03  0.179 0.569 0.222],[0.03  0.179 0.569 0.215 0.007],[0.    0.03  0.    0.179 0.    0.569 0.    0.215 0.    0.007],0.42533333333333334,0.48,0.7366666666666667
188,214.0,[0.048 0.12  0.573 0.259],[0.048 0.12  0.573 0.239 0.02 ],[0.    0.048 0.    0.12  0.    0.573 0.    0.239 0.    0.02 ],0.4426666666666667,0.5149999999999999,0.7022222222222223
189,215.0,[0.044 0.132 0.54  0.285],[0.044 0.132 0.54  0.278 0.006],[0.    0.044 0.    0.132 0.    0.54  0.    0.278 0.    0.006],0.4326666666666667,0.5225,0.7222222222222223
190,216.0,[0.055 0.106 0.558 0.281],[0.055 0.106 0.558 0.28  0.001],[0.    0.055 0.    0.106 0.    0.558 0.    0.28  0.    0.001],0.452,0.5475,0.7155555555555556
191,217.0,[0.02  0.117 0.583 0.28 ],[0.02  0.117 0.583 0.263 0.017],[0.    0.02  0.    0.117 0.    0.583 0.    0.263 0.    0.017],0.484,0.5574999999999999,0.7366666666666667
192,218.0,[0.029 0.183 0.523 0.265],[0.029 0.183 0.523 0.262 0.003],[0.    0.029 0.    0.183 0.    0.523 0.    0.262 0.    0.003],0.38400000000000006,0.48125,0.7422222222222222
193,219.0,[0.021 0.13  0.553 0.297],[0.021 0.13  0.553 0.273 0.023],[0.    0.021 0.    0.13  0.    0.553 0.    0.273 0.    0.023],0.466,0.5325,0.7288888888888889
194,220.0,[0.014 0.113 0.602 0.271],[0.014 0.113 0.602 0.264 0.007],[0.    0.014 0.    0.113 0.    0.602 0.    0.264 0.    0.007],0.49733333333333335,0.5825,0.7544444444444445
195,221.0,[0.015 0.213 0.592 0.18 ],[0.015 0.213 0.592 0.18  0.   ],[0.    0.015 0.    0.213 0.    0.592 0.    0.18  0.    0.   ],0.45599999999999996,0.50625,0.7611111111111112
196,222.0,[0.22  0.018 0.44  0.322],[0.22  0.018 0.44  0.247 0.075],[0.    0.22  0.    0.018 0.    0.44  0.    0.247 0.    0.075],0.34933333333333333,0.38375,0.6744444444444444
197,223.0,[0.05  0.184 0.588 0.178],[0.05  0.184 0.588 0.173 0.005],[0.    0.05  0.    0.184 0.    0.588 0.    0.173 0.    0.005],0.4506666666666666,0.485,0.7166666666666667
198,224.0,[0.    0.142 0.607 0.25 ],[0.    0.142 0.607 0.25  0.   ],[0.    0.    0.    0.142 0.    0.607 0.    0.25  0.    0.   ],0.4766666666666666,0.571875,0.7772222222222223
199,225.0,[0.004 0.115 0.479 0.402],[0.004 0.115 0.479 0.366 0.036],[0.    0.004 0.    0.115 0.    0.479 0.    0.366 0.    0.036],0.508,0.55625,0.7333333333333334
200,226.0,[0.039 0.129 0.588 0.245],[0.039 0.129 0.588 0.238 0.007],[0.    0.039 0.    0.129 0.    0.588 0.    0.238 0.    0.007],0.44999999999999996,0.531875,0.7272222222222223
201,227.0,[0.021 0.199 0.556 0.223],[0.021 0.199 0.556 0.197 0.026],[0.    0.021 0.    0.199 0.    0.556 0.    0.197 0.    0.026],0.40866666666666673,0.44562500000000005,0.7250000000000002
202,228.0,[0.037 0.122 0.546 0.294],[0.037 0.122 0.546 0.265 0.029],[0.    0.037 0.    0.122 0.    0.546 0.    0.265 0.    0.029],0.454,0.514375,0.7038888888888889
203,229.0,[0.06  0.147 0.543 0.25 ],[0.06  0.147 0.543 0.237 0.014],[0.    0.06  0.    0.147 0.    0.543 0.    0.237 0.    0.014],0.3906666666666667,0.47437499999999994,0.6961111111111112
204,230.0,[0.035 0.22  0.601 0.144],[0.035 0.22  0.601 0.139 0.005],[0.    0.035 0.    0.22  0.    0.601 0.    0.139 0.    0.005],0.46799999999999997,0.52625,0.7333333333333334
205,231.0,[0.032 0.123 0.63  0.216],[0.032 0.123 0.63  0.182 0.034],[0.    0.032 0.    0.123 0.    0.63  0.    0.182 0.    0.034],0.506,0.536875,0.7050000000000002
206,232.0,[0.056 0.111 0.585 0.248],[0.056 0.111 0.585 0.245 0.002],[0.    0.056 0.    0.111 0.    0.585 0.    0.245 0.    0.002],0.4466666666666666,0.538125,0.7127777777777778
207,233.0,[0.08  0.174 0.447 0.3  ],[0.08  0.174 0.447 0.279 0.02 ],[0.    0.08  0.    0.174 0.    0.447 0.    0.279 0.    0.02 ],0.32866666666666666,0.4075,0.6666666666666667
208,234.0,[0.014 0.156 0.446 0.384],[0.014 0.156 0.446 0.363 0.021],[0.    0.014 0.    0.156 0.    0.446 0.    0.363 0.    0.021],0.44,0.51125,0.7388888888888888
209,235.0,[0.028 0.152 0.514 0.306],[0.028 0.152 0.514 0.299 0.007],[0.    0.028 0.    0.152 0.    0.514 0.    0.299 0.    0.007],0.42666666666666675,0.51625,0.7388888888888889
210,236.0,[0.034 0.122 0.508 0.337],[0.034 0.122 0.508 0.317 0.02 ],[0.    0.034 0.    0.122 0.    0.508 0.    0.317 0.    0.02 ],0.45933333333333337,0.530625,0.7183333333333334
211,237.0,[0.016 0.137 0.512 0.335],[0.016 0.137 0.512 0.327 0.007],[0.    0.016 0.    0.137 0.    0.512 0.    0.327 0.    0.007],0.4626666666666666,0.549375,0.7516666666666666
212,238.0,[0.034 0.131 0.586 0.249],[0.034 0.131 0.586 0.226 0.024],[0.    0.034 0.    0.131 0.    0.586 0.    0.226 0.    0.024],0.44799999999999995,0.514375,0.7138888888888889
213,239.0,[0.024 0.151 0.583 0.242],[0.024 0.151 0.583 0.231 0.011],[0.    0.024 0.    0.151 0.    0.583 0.    0.231 0.    0.011],0.44399999999999995,0.5175,0.7388888888888889
214,240.0,[0.028 0.124 0.614 0.235],[0.028 0.124 0.614 0.228 0.007],[0.    0.028 0.    0.124 0.    0.614 0.    0.228 0.    0.007],0.48466666666666663,0.551875,0.7394444444444445
215,241.0,[0.054 0.143 0.566 0.236],[0.054 0.143 0.566 0.232 0.004],[0.    0.054 0.    0.143 0.    0.566 0.    0.232 0.    0.004],0.422,0.49812499999999993,0.7127777777777778
216,242.0,[0.033 0.154 0.549 0.264],[0.033 0.154 0.549 0.236 0.027],[0.    0.033 0.    0.154 0.    0.549 0.    0.236 0.    0.027],0.4173333333333334,0.48187500000000005,0.7105555555555556
217,243.0,[0.038 0.172 0.454 0.335],[0.038 0.172 0.454 0.33  0.005],[0.    0.038 0.    0.172 0.    0.454 0.    0.33  0.    0.005],0.38600000000000007,0.4806250000000001,0.7294444444444445
218,244.0,[0.051 0.134 0.535 0.28 ],[0.051 0.134 0.535 0.262 0.017],[0.    0.051 0.    0.134 0.    0.535 0.    0.262 0.    0.017],0.4200000000000001,0.49687500000000007,0.7016666666666668
219,245.0,[0.014 0.114 0.594 0.279],[0.014 0.114 0.594 0.257 0.022],[0.    0.014 0.    0.114 0.    0.594 0.    0.257 0.    0.022],0.49666666666666665,0.5631249999999999,0.7383333333333334
220,246.0,[0.107 0.143 0.673 0.077],[0.107 0.143 0.673 0.076 0.001],[0.    0.107 0.    0.143 0.    0.673 0.    0.076 0.    0.001],0.5640000000000001,0.5912499999999999,0.6922222222222223
221,247.0,[0.116 0.19  0.689 0.006],[0.116 0.19  0.689 0.004 0.002],[0.    0.116 0.    0.19  0.    0.689 0.    0.004 0.    0.002],0.5846666666666667,0.6106249999999999,0.7716666666666667
222,248.0,[0.142 0.046 0.778 0.033],[0.142 0.046 0.778 0.033 0.   ],[0.    0.142 0.    0.046 0.    0.778 0.    0.033 0.    0.   ],0.7046666666666668,0.7231250000000001,0.8005555555555557
223,249.0,[0.    0.167 0.333 0.5  ],[0.    0.167 0.333 0.5   0.   ],[0.    0.    0.    0.167 0.    0.333 0.    0.5   0.    0.   ],0.44399999999999995,0.5412499999999999,0.7777777777777778
224,250.0,[0.023 0.015 0.946 0.015],[0.023 0.015 0.946 0.015 0.   ],[0.    0.023 0.    0.015 0.    0.946 0.    0.015 0.    0.   ],0.9286666666666665,0.933125,0.9405555555555556
225,251.0,[0.017 0.038 0.676 0.27 ],[0.017 0.038 0.676 0.246 0.024],[0.    0.017 0.    0.038 0.    0.676 0.    0.246 0.    0.024],0.594,0.6518749999999999,0.8016666666666666
226,252.0,[0.017 0.124 0.612 0.247],[0.017 0.124 0.612 0.216 0.031],[0.    0.017 0.    0.124 0.    0.612 0.    0.216 0.    0.031],0.48266666666666663,0.535,0.7244444444444444
227,253.0,[0.022 0.093 0.557 0.328],[0.022 0.093 0.557 0.319 0.009],[0.    0.022 0.    0.093 0.    0.557 0.    0.319 0.    0.009],0.5133333333333333,0.5950000000000001,0.7511111111111112
228,254.0,[0.064 0.121 0.496 0.319],[0.064 0.121 0.496 0.319 0.   ],[0.    0.064 0.    0.121 0.    0.496 0.    0.319 0.    0.   ],0.41999999999999993,0.51875,0.7066666666666668
229,255.0,[0.023 0.166 0.573 0.239],[0.023 0.166 0.573 0.233 0.006],[0.    0.023 0.    0.166 0.    0.573 0.    0.233 0.    0.006],0.42999999999999994,0.506875,0.7461111111111112
230,256.0,[0.006 0.157 0.492 0.346],[0.006 0.157 0.492 0.345 0.001],[0.    0.006 0.    0.157 0.    0.492 0.    0.345 0.    0.001],0.44999999999999996,0.5456249999999999,0.7705555555555555
231,257.0,[0.015 0.189 0.496 0.3  ],[0.015 0.189 0.496 0.28  0.02 ],[0.    0.015 0.    0.189 0.    0.496 0.    0.28  0.    0.02 ],0.3946666666666667,0.47000000000000003,0.7388888888888889
232,258.0,[0.029 0.135 0.506 0.33 ],[0.029 0.135 0.506 0.3   0.03 ],[0.    0.029 0.    0.135 0.    0.506 0.    0.3   0.    0.03 ],0.44799999999999995,0.5075,0.7122222222222223
233,259.0,[0.029 0.144 0.506 0.321],[0.029 0.144 0.506 0.293 0.028],[0.    0.029 0.    0.144 0.    0.506 0.    0.293 0.    0.028],0.43599999999999994,0.49875,0.7144444444444444
234,260.0,[0.019 0.114 0.492 0.375],[0.019 0.114 0.492 0.362 0.013],[0.    0.019 0.    0.114 0.    0.492 0.    0.362 0.    0.013],0.48933333333333334,0.5674999999999999,0.7422222222222222
235,261.0,[0.013 0.092 0.524 0.37 ],[0.013 0.092 0.524 0.348 0.022],[0.    0.013 0.    0.092 0.    0.524 0.    0.348 0.    0.022],0.526,0.590625,0.7472222222222223
236,262.0,[0.034 0.178 0.478 0.311],[0.034 0.178 0.478 0.3   0.011],[0.    0.034 0.    0.178 0.    0.478 0.    0.3   0.    0.011],0.38466666666666666,0.47187499999999993,0.7283333333333333
237,263.0,[0.041 0.14  0.592 0.227],[0.041 0.14  0.592 0.219 0.008],[0.    0.041 0.    0.14  0.    0.592 0.    0.219 0.    0.008],0.45599999999999996,0.51375,0.7233333333333334
238,264.0,[0.024 0.105 0.569 0.303],[0.024 0.105 0.569 0.285 0.018],[0.    0.024 0.    0.105 0.    0.569 0.    0.285 0.    0.018],0.49533333333333324,0.5668749999999999,0.7316666666666666
239,265.0,[0.044 0.122 0.641 0.194],[0.044 0.122 0.641 0.188 0.006],[0.    0.044 0.    0.122 0.    0.641 0.    0.188 0.    0.006],0.5206666666666667,0.5506249999999999,0.7227777777777779
240,266.0,[0.033 0.143 0.595 0.229],[0.033 0.143 0.595 0.21  0.019],[0.    0.033 0.    0.143 0.    0.595 0.    0.21  0.    0.019],0.46,0.50625,0.72
241,267.0,[0.05  0.175 0.502 0.274],[0.05  0.175 0.502 0.272 0.001],[0.    0.05  0.    0.175 0.    0.502 0.    0.272 0.    0.001],0.36733333333333335,0.46749999999999997,0.7211111111111111
242,268.0,[0.03  0.137 0.486 0.347],[0.03  0.137 0.486 0.337 0.01 ],[0.    0.03  0.    0.137 0.    0.486 0.    0.337 0.    0.01 ],0.44399999999999995,0.52875,0.7333333333333334
243,269.0,[0.031 0.148 0.515 0.306],[0.031 0.148 0.515 0.293 0.013],[0.    0.031 0.    0.148 0.    0.515 0.    0.293 0.    0.013],0.4280000000000001,0.51,0.7288888888888889
244,270.0,[0.018 0.105 0.588 0.29 ],[0.018 0.105 0.588 0.269 0.021],[0.    0.018 0.    0.105 0.    0.588 0.    0.269 0.    0.021],0.5033333333333333,0.5706249999999999,0.735
245,271.0,[0.02  0.169 0.642 0.169],[0.02  0.169 0.642 0.16  0.01 ],[0.    0.02  0.    0.169 0.    0.642 0.    0.16  0.    0.01 ],0.5226666666666667,0.551875,0.7450000000000001
246,272.0,[0.    0.143 0.571 0.286],[0.    0.143 0.571 0.286 0.   ],[0.    0.    0.    0.143 0.    0.571 0.    0.286 0.    0.   ],0.476,0.5712499999999999,0.7777777777777778
247,274.0,[0. 0. 0. 1.],[0. 0. 0. 1. 0.],[0. 0. 0. 0. 0. 0. 0. 1. 0. 0.],1.0,1.0,1.0000000000000002
248,276.0,[0.001 0.265 0.709 0.024],[0.001 0.265 0.709 0.024 0.   ],[0.    0.001 0.    0.265 0.    0.709 0.    0.024 0.    0.   ],0.6326666666666666,0.718125,0.8605555555555556
249,277.0,[0.06  0.162 0.481 0.297],[0.06  0.162 0.481 0.297 0.   ],[0.    0.06  0.    0.162 0.    0.481 0.    0.297 0.    0.   ],0.3706666666666667,0.4725,0.7111111111111112
250,278.0,[0.189 0.106 0.548 0.157],[0.189 0.106 0.548 0.156 0.001],[0.    0.189 0.    0.106 0.    0.548 0.    0.156 0.    0.001],0.39733333333333337,0.4350000000000001,0.6655555555555557
251,279.0,[0.107 0.369 0.36  0.164],[0.107 0.369 0.36  0.156 0.009],[0.    0.107 0.    0.369 0.    0.36  0.    0.156 0.    0.009],0.3053333333333333,0.410625,0.6572222222222223
252,280.0,[0.106 0.124 0.699 0.07 ],[0.106 0.124 0.699 0.07  0.   ],[0.    0.106 0.    0.124 0.    0.699 0.    0.07  0.    0.   ],0.5993333333333334,0.624375,0.6994444444444445
253,281.0,[0.152 0.097 0.598 0.153],[0.152 0.097 0.598 0.153 0.   ],[0.    0.152 0.    0.097 0.    0.598 0.    0.153 0.    0.   ],0.46399999999999997,0.4975,0.67
254,282.0,[0.016 0.099 0.543 0.342],[0.016 0.099 0.543 0.323 0.019],[0.    0.016 0.    0.099 0.    0.543 0.    0.323 0.    0.019],0.5133333333333333,0.5825,0.7400000000000001
255,283.0,[0.056 0.15  0.509 0.286],[0.056 0.15  0.509 0.272 0.014],[0.    0.056 0.    0.15  0.    0.509 0.    0.272 0.    0.014],0.39266666666666666,0.4756249999999999,0.7005555555555557
256,284.0,[0.028 0.11  0.552 0.31 ],[0.028 0.11  0.552 0.301 0.009],[0.    0.028 0.    0.11  0.    0.552 0.    0.301 0.    0.009],0.48266666666666663,0.56625,0.7366666666666667
257,285.0,[0.01  0.13  0.535 0.325],[0.01  0.13  0.535 0.317 0.009],[0.    0.01  0.    0.13  0.    0.535 0.    0.317 0.    0.009],0.48,0.564375,0.7572222222222224
258,286.0,[0.038 0.155 0.483 0.324],[0.038 0.155 0.483 0.315 0.009],[0.    0.038 0.    0.155 0.    0.483 0.    0.315 0.    0.009],0.4093333333333334,0.4975,0.7255555555555556
259,287.0,[0.026 0.154 0.563 0.256],[0.026 0.154 0.563 0.252 0.005],[0.    0.026 0.    0.154 0.    0.563 0.    0.252 0.    0.005],0.426,0.51875,0.7433333333333334
260,288.0,[0.055 0.125 0.458 0.363],[0.055 0.125 0.458 0.353 0.009],[0.    0.055 0.    0.125 0.    0.458 0.    0.353 0.    0.009],0.42733333333333334,0.51375,0.7066666666666667
261,289.0,[0.035 0.122 0.499 0.344],[0.035 0.122 0.499 0.317 0.027],[0.    0.035 0.    0.122 0.    0.499 0.    0.317 0.    0.027],0.4573333333333333,0.52,0.708888888888889
262,290.0,[0.069 0.092 0.55  0.289],[0.069 0.092 0.55  0.27  0.019],[0.    0.069 0.    0.092 0.    0.55  0.    0.27  0.    0.019],0.45199999999999996,0.525,0.688888888888889
263,291.0,[0.082 0.251 0.384 0.283],[0.082 0.251 0.384 0.256 0.028],[0.    0.082 0.    0.251 0.    0.384 0.    0.256 0.    0.028],0.22399999999999998,0.363125,0.6561111111111111
264,292.0,[0.003 0.283 0.502 0.212],[0.003 0.283 0.502 0.211 0.001],[0.    0.003 0.    0.283 0.    0.502 0.    0.211 0.    0.001],0.38000000000000006,0.495,0.7733333333333334
265,293.0,[0.002 0.045 0.593 0.36 ],[0.002 0.045 0.593 0.256 0.104],[0.    0.002 0.    0.045 0.    0.593 0.    0.256 0.    0.104],0.604,0.56125,0.7255555555555556
266,294.0,[0.016 0.094 0.666 0.225],[0.016 0.094 0.666 0.191 0.034],[0.    0.016 0.    0.094 0.    0.666 0.    0.191 0.    0.034],0.554,0.581875,0.7294444444444446
267,295.0,[0.033 0.122 0.692 0.153],[0.033 0.122 0.692 0.145 0.008],[0.    0.033 0.    0.122 0.    0.692 0.    0.145 0.    0.008],0.5893333333333333,0.615,0.7322222222222222
268,296.0,[0.047 0.271 0.53  0.152],[0.047 0.271 0.53  0.152 0.   ],[0.    0.047 0.    0.271 0.    0.53  0.    0.152 0.    0.   ],0.4013333333333333,0.50125,0.7255555555555557
269,297.0,[0.001 0.119 0.704 0.176],[0.001 0.119 0.704 0.176 0.   ],[0.    0.001 0.    0.119 0.    0.704 0.    0.176 0.    0.   ],0.6053333333333333,0.63,0.7766666666666667
270,298.0,[0.    0.028 0.879 0.093],[0.    0.028 0.879 0.093 0.   ],[0.    0.    0.    0.028 0.    0.879 0.    0.093 0.    0.   ],0.8386666666666667,0.84875,0.8655555555555556
271,299.0,[0.    0.    0.733 0.267],[0.    0.    0.733 0.267 0.   ],[0.    0.    0.    0.    0.    0.733 0.    0.267 0.    0.   ],0.6666666666666666,0.7499999999999999,0.888888888888889
272,301.0,[0.    0.    0.824 0.176],[0.    0.    0.824 0.176 0.   ],[0.    0.    0.    0.    0.    0.824 0.    0.176 0.    0.   ],0.7653333333333333,0.7799999999999999,0.888888888888889
273,302.0,[0.002 0.016 0.477 0.506],[0.002 0.016 0.477 0.503 0.002],[0.    0.002 0.    0.016 0.    0.477 0.    0.503 0.    0.002],0.6433333333333333,0.7249999999999999,0.8666666666666668
274,303.0,[0.003 0.106 0.862 0.029],[0.003 0.106 0.862 0.029 0.   ],[0.    0.003 0.    0.106 0.    0.862 0.    0.029 0.    0.   ],0.8160000000000002,0.8274999999999999,0.8533333333333333
275,304.0,[0.016 0.047 0.654 0.283],[0.016 0.047 0.654 0.282 0.   ],[0.    0.016 0.    0.047 0.    0.654 0.    0.282 0.    0.   ],0.5826666666666666,0.6706249999999999,0.8183333333333334
276,305.0,[0.069 0.121 0.626 0.184],[0.069 0.121 0.626 0.172 0.011],[0.    0.069 0.    0.121 0.    0.626 0.    0.172 0.    0.011],0.5013333333333333,0.533125,0.6883333333333334
277,306.0,[0.046 0.099 0.617 0.238],[0.046 0.099 0.617 0.235 0.003],[0.    0.046 0.    0.099 0.    0.617 0.    0.235 0.    0.003],0.48933333333333334,0.565,0.7244444444444444
278,307.0,[0.01  0.089 0.647 0.254],[0.01  0.089 0.647 0.234 0.02 ],[0.    0.01  0.    0.089 0.    0.647 0.    0.234 0.    0.02 ],0.5346666666666667,0.6012500000000001,0.7566666666666667
279,308.0,[0.027 0.164 0.605 0.204],[0.027 0.164 0.605 0.189 0.015],[0.    0.027 0.    0.164 0.    0.605 0.    0.189 0.    0.015],0.47333333333333333,0.50625,0.7311111111111112
280,309.0,[0.065 0.108 0.477 0.351],[0.065 0.108 0.477 0.34  0.011],[0.    0.065 0.    0.108 0.    0.477 0.    0.34  0.    0.011],0.4366666666666667,0.5206249999999999,0.6938888888888889
281,310.0,[0.045 0.105 0.506 0.343],[0.045 0.105 0.506 0.332 0.011],[0.    0.045 0.    0.105 0.    0.506 0.    0.332 0.    0.011],0.466,0.548125,0.7150000000000001
282,311.0,[0.024 0.098 0.57  0.308],[0.024 0.098 0.57  0.293 0.014],[0.    0.024 0.    0.098 0.    0.57  0.    0.293 0.    0.014],0.504,0.5793749999999999,0.7372222222222223
283,312.0,[0.026 0.095 0.587 0.293],[0.026 0.095 0.587 0.272 0.021],[0.    0.026 0.    0.095 0.    0.587 0.    0.272 0.    0.021],0.5059999999999999,0.573125,0.7316666666666666
284,313.0,[0.03  0.137 0.44  0.393],[0.03  0.137 0.44  0.376 0.017],[0.    0.03  0.    0.137 0.    0.44  0.    0.376 0.    0.017],0.44399999999999995,0.52,0.7255555555555556
285,314.0,[0.026 0.127 0.551 0.297],[0.026 0.127 0.551 0.277 0.02 ],[0.    0.026 0.    0.127 0.    0.551 0.    0.277 0.    0.02 ],0.4633333333333334,0.534375,0.7272222222222223
286,315.0,[0.021 0.163 0.488 0.328],[0.021 0.163 0.488 0.308 0.02 ],[0.    0.021 0.    0.163 0.    0.488 0.    0.308 0.    0.02 ],0.4213333333333334,0.495,0.7322222222222222
287,316.0,[0.019 0.112 0.516 0.353],[0.019 0.112 0.516 0.321 0.032],[0.    0.019 0.    0.112 0.    0.516 0.    0.321 0.    0.032],0.492,0.54625,0.7211111111111111
288,317.0,[0.02  0.147 0.532 0.301],[0.02  0.147 0.532 0.28  0.021],[0.    0.02  0.    0.147 0.    0.532 0.    0.28  0.    0.021],0.44399999999999995,0.515,0.7322222222222222
289,318.0,[0.022 0.109 0.578 0.291],[0.022 0.109 0.578 0.272 0.019],[0.    0.022 0.    0.109 0.    0.578 0.    0.272 0.    0.019],0.492,0.5625,0.7322222222222222
290,319.0,[0.022 0.121 0.645 0.213],[0.022 0.121 0.645 0.184 0.029],[0.    0.022 0.    0.121 0.    0.645 0.    0.184 0.    0.029],0.526,0.5556249999999999,0.7216666666666668
291,320.0,[0.027 0.152 0.619 0.201],[0.027 0.152 0.619 0.194 0.007],[0.    0.027 0.    0.152 0.    0.619 0.    0.194 0.    0.007],0.4926666666666666,0.5243749999999999,0.7394444444444445
292,321.0,[0.03  0.132 0.542 0.295],[0.03  0.132 0.542 0.293 0.003],[0.    0.03  0.    0.132 0.    0.542 0.    0.293 0.    0.003],0.45,0.5437500000000001,0.7411111111111112
293,322.0,[0.041 0.192 0.514 0.253],[0.041 0.192 0.514 0.245 0.008],[0.    0.041 0.    0.192 0.    0.514 0.    0.245 0.    0.008],0.35600000000000004,0.44875,0.7233333333333334
294,323.0,[0.12  0.076 0.683 0.122],[0.12  0.076 0.683 0.121 0.001],[0.    0.12  0.    0.076 0.    0.683 0.    0.121 0.    0.001],0.5766666666666668,0.603125,0.6927777777777778
295,326.0,[0.    0.004 0.944 0.052],[0.    0.004 0.944 0.052 0.   ],[0.    0.    0.    0.004 0.    0.944 0.    0.052 0.    0.   ],0.9253333333333332,0.93,0.9377777777777778
296,327.0,[0.027 0.357 0.449 0.167],[0.027 0.357 0.449 0.167 0.   ],[0.    0.027 0.    0.357 0.    0.449 0.    0.167 0.    0.   ],0.4079999999999999,0.5075,0.7477777777777778
297,328.0,[0.035 0.133 0.351 0.481],[0.035 0.133 0.351 0.481 0.   ],[0.    0.035 0.    0.133 0.    0.351 0.    0.481 0.    0.   ],0.4426666666666666,0.5399999999999999,0.7388888888888889
298,329.0,[0.001 0.103 0.561 0.335],[0.001 0.103 0.561 0.263 0.073],[0.    0.001 0.    0.103 0.    0.561 0.    0.263 0.    0.073],0.528,0.5293749999999999,0.6961111111111111
299,330.0,[0.013 0.116 0.658 0.214],[0.013 0.116 0.658 0.202 0.013],[0.    0.013 0.    0.116 0.    0.658 0.    0.202 0.    0.013],0.5433333333333333,0.5737500000000001,0.75
300,331.0,[0.033 0.097 0.456 0.414],[0.033 0.097 0.456 0.413 0.002],[0.    0.033 0.    0.097 0.    0.456 0.    0.413 0.    0.002],0.49333333333333335,0.585625,0.7427777777777778
301,332.0,[0.029 0.143 0.569 0.259],[0.029 0.143 0.569 0.236 0.023],[0.    0.029 0.    0.143 0.    0.569 0.    0.236 0.    0.023],0.43733333333333335,0.50625,0.72
302,333.0,[0.023 0.11  0.581 0.286],[0.023 0.11  0.581 0.276 0.01 ],[0.    0.023 0.    0.11  0.    0.581 0.    0.276 0.    0.01 ],0.48933333333333334,0.5712499999999999,0.7411111111111113
303,334.0,[0.047 0.112 0.531 0.31 ],[0.047 0.112 0.531 0.298 0.011],[0.    0.047 0.    0.112 0.    0.531 0.    0.298 0.    0.011],0.4546666666666668,0.536875,0.7127777777777777
304,335.0,[0.015 0.148 0.464 0.373],[0.015 0.148 0.464 0.342 0.032],[0.    0.015 0.    0.148 0.    0.464 0.    0.342 0.    0.032],0.4493333333333333,0.506875,0.7261111111111112
305,336.0,[0.026 0.145 0.508 0.32 ],[0.026 0.145 0.508 0.299 0.021],[0.    0.026 0.    0.145 0.    0.508 0.    0.299 0.    0.021],0.438,0.509375,0.725
306,337.0,[0.02  0.086 0.533 0.361],[0.02  0.086 0.533 0.338 0.023],[0.    0.02  0.    0.086 0.    0.533 0.    0.338 0.    0.023],0.5253333333333333,0.58875,0.7455555555555556
307,338.0,[0.043 0.122 0.561 0.274],[0.043 0.122 0.561 0.263 0.011],[0.    0.043 0.    0.122 0.    0.561 0.    0.263 0.    0.011],0.44666666666666677,0.53,0.717777777777778
308,339.0,[0.027 0.161 0.573 0.238],[0.027 0.161 0.573 0.218 0.02 ],[0.    0.027 0.    0.161 0.    0.573 0.    0.218 0.    0.02 ],0.43133333333333335,0.489375,0.7250000000000001
309,340.0,[0.02  0.11  0.596 0.274],[0.02  0.11  0.596 0.253 0.021],[0.    0.02  0.    0.11  0.    0.596 0.    0.253 0.    0.021],0.49333333333333335,0.5612499999999999,0.7322222222222222
310,341.0,[0.003 0.137 0.643 0.217],[0.003 0.137 0.643 0.204 0.013],[0.    0.003 0.    0.137 0.    0.643 0.    0.204 0.    0.013],0.524,0.5587500000000001,0.76
311,342.0,[0.005 0.084 0.61  0.301],[0.005 0.084 0.61  0.272 0.029],[0.    0.005 0.    0.084 0.    0.61  0.    0.272 0.    0.029],0.5479999999999999,0.6024999999999999,0.7577777777777778
312,343.0,[0.018 0.052 0.55  0.379],[0.018 0.052 0.55  0.367 0.012],[0.    0.018 0.    0.052 0.    0.55  0.    0.367 0.    0.012],0.5726666666666668,0.6468750000000001,0.7972222222222224
313,344.0,[0.038 0.129 0.535 0.298],[0.038 0.129 0.535 0.267 0.031],[0.    0.038 0.    0.129 0.    0.535 0.    0.267 0.    0.031],0.44399999999999995,0.5025,0.7011111111111111
314,345.0,[0.02  0.158 0.64  0.181],[0.02  0.158 0.64  0.166 0.016],[0.    0.02  0.    0.158 0.    0.64  0.    0.166 0.    0.016],0.5206666666666666,0.55,0.737777777777778
315,346.0,[0.023 0.16  0.554 0.263],[0.023 0.16  0.554 0.243 0.02 ],[0.    0.023 0.    0.16  0.    0.554 0.    0.243 0.    0.02 ],0.4226666666666667,0.4962500000000001,0.7300000000000001
316,347.0,[0.045 0.107 0.544 0.304],[0.045 0.107 0.544 0.303 0.   ],[0.    0.045 0.    0.107 0.    0.544 0.    0.303 0.    0.   ],0.46400000000000013,0.559375,0.7272222222222223
317,348.0,[0.001 0.04  0.896 0.062],[0.001 0.04  0.896 0.06  0.001],[0.    0.001 0.    0.04  0.    0.896 0.    0.06  0.    0.001],0.862,0.8712499999999999,0.8855555555555555
318,349.0,[0.  0.5 0.5 0. ],[0.  0.5 0.5 0.  0. ],[0.  0.  0.  0.5 0.  0.5 0.  0.  0.  0. ],0.6666666666666666,0.7499999999999999,0.888888888888889
319,351.0,[0.    0.    0.993 0.007],[0.    0.    0.993 0.007 0.   ],[0.    0.    0.    0.    0.    0.993 0.    0.007 0.    0.   ],0.9906666666666665,0.99125,0.9922222222222222
320,352.0,[0.    0.119 0.186 0.695],[0.    0.119 0.186 0.689 0.006],[0.    0.    0.    0.119 0.    0.186 0.    0.689 0.    0.006],0.5933333333333333,0.61125,0.7711111111111112
321,353.0,[0.05  0.101 0.605 0.244],[0.05  0.101 0.605 0.243 0.001],[0.    0.05  0.    0.101 0.    0.605 0.    0.243 0.    0.001],0.47333333333333333,0.56,0.7211111111111111
322,354.0,[0.002 0.051 0.848 0.099],[0.002 0.051 0.848 0.094 0.005],[0.    0.002 0.    0.051 0.    0.848 0.    0.094 0.    0.005],0.7973333333333333,0.8099999999999999,0.8311111111111111
323,355.0,[0.048 0.114 0.565 0.273],[0.048 0.114 0.565 0.271 0.002],[0.    0.048 0.    0.114 0.    0.565 0.    0.271 0.    0.002],0.4506666666666667,0.5449999999999999,0.7222222222222222
324,356.0,[0.014 0.152 0.604 0.23 ],[0.014 0.152 0.604 0.227 0.002],[0.    0.014 0.    0.152 0.    0.604 0.    0.227 0.    0.002],0.472,0.5393749999999999,0.7594444444444446
325,357.0,[0.01  0.195 0.616 0.179],[0.01  0.195 0.616 0.138 0.041],[0.    0.01  0.    0.195 0.    0.616 0.    0.138 0.    0.041],0.488,0.52,0.7211111111111111
326,358.0,[0.025 0.204 0.545 0.225],[0.025 0.204 0.545 0.209 0.016],[0.    0.025 0.    0.204 0.    0.545 0.    0.209 0.    0.016],0.3940000000000001,0.44812500000000005,0.7316666666666668
327,359.0,[0.03  0.115 0.551 0.305],[0.03  0.115 0.551 0.293 0.012],[0.    0.03  0.    0.115 0.    0.551 0.    0.293 0.    0.012],0.47400000000000003,0.554375,0.7316666666666668
328,360.0,[0.033 0.152 0.504 0.311],[0.033 0.152 0.504 0.289 0.023],[0.    0.033 0.    0.152 0.    0.504 0.    0.289 0.    0.023],0.41999999999999993,0.490625,0.716111111111111
329,361.0,[0.03  0.129 0.528 0.314],[0.03  0.129 0.528 0.295 0.019],[0.    0.03  0.    0.129 0.    0.528 0.    0.295 0.    0.019],0.45533333333333337,0.5281250000000001,0.7238888888888888
330,362.0,[0.033 0.11  0.524 0.333],[0.033 0.11  0.524 0.317 0.016],[0.    0.033 0.    0.11  0.    0.524 0.    0.317 0.    0.016],0.476,0.5512499999999999,0.7233333333333334
331,363.0,[0.024 0.161 0.536 0.28 ],[0.024 0.161 0.536 0.267 0.013],[0.    0.024 0.    0.161 0.    0.536 0.    0.267 0.    0.013],0.4206666666666667,0.503125,0.7372222222222223
332,364.0,[0.029 0.122 0.563 0.286],[0.029 0.122 0.563 0.275 0.011],[0.    0.029 0.    0.122 0.    0.563 0.    0.275 0.    0.011],0.4653333333333333,0.5475,0.7333333333333334
333,365.0,[0.022 0.105 0.577 0.296],[0.022 0.105 0.577 0.276 0.019],[0.    0.022 0.    0.105 0.    0.577 0.    0.276 0.    0.019],0.49733333333333335,0.566875,0.7316666666666668
334,366.0,[0.024 0.094 0.622 0.26 ],[0.024 0.094 0.622 0.238 0.022],[0.    0.024 0.    0.094 0.    0.622 0.    0.238 0.    0.022],0.5093333333333333,0.575,0.7333333333333334
335,367.0,[0.005 0.079 0.644 0.272],[0.005 0.079 0.644 0.272 0.   ],[0.    0.005 0.    0.079 0.    0.644 0.    0.272 0.    0.   ],0.5546666666666668,0.645,0.7955555555555556
336,368.0,[0.001 0.056 0.703 0.24 ],[0.001 0.056 0.703 0.236 0.004],[0.    0.001 0.    0.056 0.    0.703 0.    0.236 0.    0.004],0.604,0.6737499999999998,0.8211111111111112
337,369.0,[0.01  0.415 0.436 0.138],[0.01  0.415 0.436 0.138 0.   ],[0.    0.01  0.    0.415 0.    0.436 0.    0.138 0.    0.   ],0.4686666666666666,0.564375,0.7661111111111111
338,370.0,[0.048 0.584 0.175 0.193],[0.048 0.584 0.175 0.129 0.063],[0.    0.048 0.    0.584 0.    0.175 0.    0.129 0.    0.063],0.4453333333333333,0.4806250000000001,0.6538888888888889
339,371.0,[0.047 0.161 0.476 0.316],[0.047 0.161 0.476 0.316 0.   ],[0.    0.047 0.    0.161 0.    0.476 0.    0.316 0.    0.   ],0.38933333333333336,0.49,0.7255555555555557
340,372.0,[0.    0.423 0.46  0.117],[0.    0.423 0.46  0.116 0.001],[0.    0.    0.    0.423 0.    0.46  0.    0.116 0.    0.001],0.5106666666666667,0.6037499999999999,0.7766666666666666
341,373.0,[0.022 0.291 0.471 0.216],[0.022 0.291 0.471 0.216 0.   ],[0.    0.022 0.    0.291 0.    0.471 0.    0.216 0.    0.   ],0.34933333333333333,0.4725,0.7533333333333334
342,376.0,[0.  0.5 0.5 0. ],[0.  0.5 0.5 0.  0. ],[0.  0.  0.  0.5 0.  0.5 0.  0.  0.  0. ],0.6666666666666666,0.7499999999999999,0.888888888888889
343,377.0,[0.086 0.012 0.401 0.502],[0.086 0.012 0.401 0.502 0.   ],[0.    0.086 0.    0.012 0.    0.401 0.    0.502 0.    0.   ],0.5366666666666667,0.628125,0.7805555555555557
344,378.0,[0.009 0.138 0.63  0.223],[0.009 0.138 0.63  0.218 0.006],[0.    0.009 0.    0.138 0.    0.63  0.    0.218 0.    0.006],0.5066666666666667,0.559375,0.7616666666666667
345,379.0,[0.014 0.243 0.428 0.315],[0.014 0.243 0.428 0.308 0.007],[0.    0.014 0.    0.243 0.    0.428 0.    0.308 0.    0.007],0.324,0.47375,0.7544444444444445
346,380.0,[0.044 0.127 0.541 0.288],[0.044 0.127 0.541 0.264 0.023],[0.    0.044 0.    0.127 0.    0.541 0.    0.264 0.    0.023],0.43866666666666676,0.5068750000000001,0.7027777777777778
347,381.0,[0.098 0.157 0.5   0.245],[0.098 0.157 0.5   0.176 0.07 ],[0.    0.098 0.    0.157 0.    0.5   0.    0.176 0.    0.07 ],0.3333333333333333,0.37437499999999996,0.5916666666666667
348,382.0,[0.028 0.322 0.532 0.119],[0.028 0.322 0.532 0.103 0.016],[0.    0.028 0.    0.322 0.    0.532 0.    0.103 0.    0.016],0.4713333333333334,0.566875,0.7294444444444446
349,383.0,[0.041 0.155 0.61  0.194],[0.041 0.155 0.61  0.188 0.006],[0.    0.041 0.    0.155 0.    0.61  0.    0.188 0.    0.006],0.48,0.5125,0.7255555555555557
350,384.0,[0.011 0.127 0.618 0.244],[0.011 0.127 0.618 0.208 0.036],[0.    0.011 0.    0.127 0.    0.618 0.    0.208 0.    0.036],0.49066666666666664,0.5325,0.7255555555555556
351,385.0,[0.026 0.174 0.501 0.298],[0.026 0.174 0.501 0.284 0.014],[0.    0.026 0.    0.174 0.    0.501 0.    0.284 0.    0.014],0.3993333333333333,0.48187499999999994,0.7327777777777779
352,386.0,[0.037 0.148 0.529 0.286],[0.037 0.148 0.529 0.271 0.015],[0.    0.037 0.    0.148 0.    0.529 0.    0.271 0.    0.015],0.4200000000000001,0.5,0.72
353,387.0,[0.054 0.165 0.481 0.3  ],[0.054 0.165 0.481 0.249 0.051],[0.    0.054 0.    0.165 0.    0.481 0.    0.249 0.    0.051],0.3746666666666667,0.4124999999999999,0.6611111111111111
354,388.0,[0.034 0.139 0.576 0.251],[0.034 0.139 0.576 0.247 0.004],[0.    0.034 0.    0.139 0.    0.576 0.    0.247 0.    0.004],0.43599999999999994,0.5287499999999998,0.7355555555555557
355,389.0,[0.034 0.108 0.624 0.234],[0.034 0.108 0.624 0.225 0.008],[0.    0.034 0.    0.108 0.    0.624 0.    0.225 0.    0.008],0.49866666666666665,0.561875,0.7305555555555556
356,390.0,[0.022 0.119 0.546 0.312],[0.022 0.119 0.546 0.295 0.017],[0.    0.022 0.    0.119 0.    0.546 0.    0.295 0.    0.017],0.47800000000000004,0.551875,0.7338888888888888
357,391.0,[0.02  0.171 0.57  0.239],[0.02  0.171 0.57  0.212 0.027],[0.    0.02  0.    0.171 0.    0.57  0.    0.212 0.    0.027],0.4266666666666667,0.4775,0.7255555555555556
358,392.0,[0.037 0.095 0.719 0.149],[0.037 0.095 0.719 0.148 0.   ],[0.    0.037 0.    0.095 0.    0.719 0.    0.148 0.    0.   ],0.6253333333333333,0.6493749999999999,0.7416666666666668
359,393.0,[0.    0.112 0.73  0.158],[0.    0.112 0.73  0.158 0.   ],[0.    0.    0.    0.112 0.    0.73  0.    0.158 0.    0.   ],0.64,0.6625,0.7777777777777778
360,394.0,[0.    0.472 0.333 0.194],[0.    0.472 0.333 0.194 0.   ],[0.    0.    0.    0.472 0.    0.333 0.    0.194 0.    0.   ],0.4073333333333333,0.506875,0.7772222222222223
361,395.0,[0.158 0.309 0.401 0.132],[0.158 0.309 0.401 0.132 0.   ],[0.    0.158 0.    0.309 0.    0.401 0.    0.132 0.    0.   ],0.28,0.38749999999999996,0.6666666666666667
362,396.0,[0.036 0.153 0.639 0.172],[0.036 0.153 0.639 0.172 0.   ],[0.    0.036 0.    0.153 0.    0.639 0.    0.172 0.    0.   ],0.5186666666666667,0.5487500000000001,0.7377777777777778
363,397.0,[0.001 0.288 0.519 0.192],[0.001 0.288 0.519 0.189 0.003],[0.    0.001 0.    0.288 0.    0.519 0.    0.189 0.    0.003],0.4093333333333334,0.50875,0.7733333333333332
364,398.0,[0.157 0.408 0.421 0.014],[0.157 0.408 0.421 0.007 0.007],[0.    0.157 0.    0.408 0.    0.421 0.    0.007 0.    0.007],0.4386666666666666,0.53625,0.7622222222222221
365,402.0,[0.    0.111 0.688 0.2  ],[0.    0.111 0.688 0.197 0.003],[0.    0.    0.    0.111 0.    0.688 0.    0.197 0.    0.003],0.5846666666666667,0.6106249999999999,0.7738888888888888
366,403.0,[0.009 0.178 0.614 0.198],[0.009 0.178 0.614 0.188 0.011],[0.    0.009 0.    0.178 0.    0.614 0.    0.188 0.    0.011],0.48600000000000004,0.5175,0.7555555555555555
367,404.0,[0.062 0.191 0.518 0.229],[0.062 0.191 0.518 0.223 0.007],[0.    0.062 0.    0.191 0.    0.518 0.    0.223 0.    0.007],0.35733333333333334,0.42562500000000003,0.7016666666666668
368,405.0,[0.023 0.188 0.526 0.263],[0.023 0.188 0.526 0.259 0.004],[0.    0.023 0.    0.188 0.    0.526 0.    0.259 0.    0.004],0.38533333333333336,0.48125,0.7477777777777778
369,406.0,[0.052 0.197 0.629 0.122],[0.052 0.197 0.629 0.122 0.   ],[0.    0.052 0.    0.197 0.    0.629 0.    0.122 0.    0.   ],0.5053333333333333,0.53625,0.7200000000000001
370,407.0,[0.036 0.271 0.619 0.074],[0.036 0.271 0.619 0.073 0.001],[0.    0.036 0.    0.271 0.    0.619 0.    0.073 0.    0.001],0.52,0.6124999999999999,0.7666666666666667
371,408.0,[0.046 0.118 0.57  0.265],[0.046 0.118 0.57  0.247 0.019],[0.    0.046 0.    0.118 0.    0.57  0.    0.247 0.    0.019],0.4473333333333333,0.52125,0.7055555555555556
372,409.0,[0.029 0.104 0.628 0.24 ],[0.029 0.104 0.628 0.238 0.002],[0.    0.029 0.    0.104 0.    0.628 0.    0.238 0.    0.002],0.5033333333333333,0.581875,0.7438888888888889
373,410.0,[0.023 0.104 0.569 0.304],[0.023 0.104 0.569 0.276 0.027],[0.    0.023 0.    0.104 0.    0.569 0.    0.276 0.    0.027],0.49733333333333335,0.556875,0.7216666666666666
374,411.0,[0.032 0.114 0.525 0.33 ],[0.032 0.114 0.525 0.317 0.013],[0.    0.032 0.    0.114 0.    0.525 0.    0.317 0.    0.013],0.47266666666666673,0.551875,0.7283333333333334
375,412.0,[0.013 0.15  0.49  0.346],[0.013 0.15  0.49  0.337 0.01 ],[0.    0.013 0.    0.15  0.    0.49  0.    0.337 0.    0.01 ],0.4486666666666666,0.5337500000000001,0.7522222222222222
376,413.0,[0.02  0.187 0.539 0.254],[0.02  0.187 0.539 0.252 0.002],[0.    0.02  0.    0.187 0.    0.539 0.    0.252 0.    0.002],0.3906666666666667,0.48875,0.7533333333333334
377,414.0,[0.034 0.133 0.54  0.292],[0.034 0.133 0.54  0.287 0.005],[0.    0.034 0.    0.133 0.    0.54  0.    0.287 0.    0.005],0.44333333333333336,0.5343749999999999,0.7338888888888888
378,415.0,[0.029 0.092 0.661 0.218],[0.029 0.092 0.661 0.151 0.067],[0.    0.029 0.    0.092 0.    0.661 0.    0.151 0.    0.067],0.548,0.57625,0.68
379,416.0,[0.044 0.114 0.729 0.113],[0.044 0.114 0.729 0.107 0.006],[0.    0.044 0.    0.114 0.    0.729 0.    0.107 0.    0.006],0.6386666666666666,0.6612499999999999,0.7222222222222222
380,417.0,[0.001 0.152 0.631 0.215],[0.001 0.152 0.631 0.203 0.012],[0.    0.001 0.    0.152 0.    0.631 0.    0.203 0.    0.012],0.5086666666666667,0.543125,0.7627777777777779
381,418.0,[0.059 0.018 0.749 0.174],[0.059 0.018 0.749 0.174 0.   ],[0.    0.059 0.    0.018 0.    0.749 0.    0.174 0.    0.   ],0.6653333333333333,0.68625,0.8033333333333335
382,419.0,[0. 0. 1. 0.],[0. 0. 1. 0. 0.],[0. 0. 0. 0. 0. 1. 0. 0. 0. 0.],1.0,1.0,1.0000000000000002
383,420.0,[0.012 0.158 0.266 0.564],[0.012 0.158 0.266 0.564 0.   ],[0.    0.012 0.    0.158 0.    0.266 0.    0.564 0.    0.   ],0.43999999999999995,0.5374999999999999,0.7644444444444445
384,421.0,[0.    0.287 0.411 0.301],[0.    0.287 0.411 0.301 0.   ],[0.    0.    0.    0.287 0.    0.411 0.    0.301 0.    0.   ],0.3326666666666666,0.49937499999999996,0.7772222222222223
385,422.0,[0.004 0.188 0.567 0.241],[0.004 0.188 0.567 0.241 0.   ],[0.    0.004 0.    0.188 0.    0.567 0.    0.241 0.    0.   ],0.4226666666666667,0.5099999999999999,0.7733333333333334
386,423.0,[0.    0.353 0.647 0.   ],[0.    0.353 0.647 0.    0.   ],[0.    0.    0.    0.353 0.    0.647 0.    0.    0.    0.   ],0.6666666666666666,0.7499999999999999,0.888888888888889
387,427.0,[0.049 0.162 0.45  0.338],[0.049 0.162 0.45  0.338 0.   ],[0.    0.049 0.    0.162 0.    0.45  0.    0.338 0.    0.   ],0.3846666666666667,0.4856250000000001,0.7227777777777779
388,428.0,[0.028 0.183 0.615 0.175],[0.028 0.183 0.615 0.174 0.   ],[0.    0.028 0.    0.183 0.    0.615 0.    0.174 0.    0.   ],0.48600000000000004,0.51875,0.7466666666666667
389,429.0,[0.059 0.104 0.606 0.23 ],[0.059 0.104 0.606 0.206 0.024],[0.    0.059 0.    0.104 0.    0.606 0.    0.206 0.    0.024],0.4753333333333334,0.515625,0.685
390,430.0,[0.072 0.11  0.649 0.169],[0.072 0.11  0.649 0.168 0.001],[0.    0.072 0.    0.11  0.    0.649 0.    0.168 0.    0.001],0.532,0.56125,0.6966666666666668
391,431.0,[0.003 0.25  0.47  0.277],[0.003 0.25  0.47  0.263 0.013],[0.    0.003 0.    0.25  0.    0.47  0.    0.263 0.    0.013],0.3293333333333333,0.47937499999999994,0.7594444444444444
392,432.0,[0.024 0.184 0.537 0.255],[0.024 0.184 0.537 0.254 0.001],[0.    0.024 0.    0.184 0.    0.537 0.    0.254 0.    0.001],0.38933333333333336,0.48875,0.75
393,433.0,[0.054 0.083 0.658 0.205],[0.054 0.083 0.658 0.177 0.028],[0.    0.054 0.    0.083 0.    0.658 0.    0.177 0.    0.028],0.544,0.5725,0.7055555555555556
394,434.0,[0.051 0.097 0.671 0.181],[0.051 0.097 0.671 0.15  0.031],[0.    0.051 0.    0.097 0.    0.671 0.    0.15  0.    0.031],0.5613333333333334,0.5887500000000001,0.69
395,435.0,[0.022 0.181 0.575 0.222],[0.022 0.181 0.575 0.203 0.019],[0.    0.022 0.    0.181 0.    0.575 0.    0.203 0.    0.019],0.43333333333333335,0.4725,0.7322222222222222
396,436.0,[0.03  0.175 0.569 0.225],[0.03  0.175 0.569 0.21  0.016],[0.    0.03  0.    0.175 0.    0.569 0.    0.21  0.    0.016],0.426,0.47375,0.7266666666666667
397,437.0,[0.008 0.111 0.61  0.271],[0.008 0.111 0.61  0.267 0.004],[0.    0.008 0.    0.111 0.    0.61  0.    0.267 0.    0.004],0.508,0.59625,0.7644444444444445
398,438.0,[0.053 0.064 0.406 0.477],[0.053 0.064 0.406 0.435 0.043],[0.    0.053 0.    0.064 0.    0.406 0.    0.435 0.    0.043],0.5106666666666667,0.5506249999999999,0.7116666666666668
399,439.0,[0.026 0.049 0.552 0.373],[0.026 0.049 0.552 0.357 0.017],[0.    0.026 0.    0.049 0.    0.552 0.    0.357 0.    0.017],0.5666666666666668,0.635625,0.7872222222222223
400,440.0,[0.03  0.238 0.467 0.265],[0.03  0.238 0.467 0.263 0.002],[0.    0.03  0.    0.238 0.    0.467 0.    0.263 0.    0.002],0.3093333333333334,0.45999999999999996,0.7422222222222222
401,441.0,[0.016 0.085 0.639 0.26 ],[0.016 0.085 0.639 0.256 0.003],[0.    0.016 0.    0.085 0.    0.639 0.    0.256 0.    0.003],0.532,0.619375,0.7727777777777778
402,442.0,[0.024 0.072 0.527 0.377],[0.024 0.072 0.527 0.368 0.009],[0.    0.024 0.    0.072 0.    0.527 0.    0.368 0.    0.009],0.5386666666666667,0.6187499999999999,0.7722222222222223
403,443.0,[0.068 0.021 0.719 0.192],[0.068 0.021 0.719 0.187 0.005],[0.    0.068 0.    0.021 0.    0.719 0.    0.187 0.    0.005],0.6253333333333333,0.6487499999999999,0.7844444444444444
404,444.0,[0.025 0.107 0.676 0.192],[0.025 0.107 0.676 0.192 0.   ],[0.    0.025 0.    0.107 0.    0.676 0.    0.192 0.    0.   ],0.5680000000000001,0.595,0.7500000000000001
405,445.0,[0.045 0.17  0.46  0.325],[0.045 0.17  0.46  0.316 0.009],[0.    0.045 0.    0.17  0.    0.46  0.    0.316 0.    0.009],0.38000000000000006,0.47,0.7177777777777777
406,446.0,[0.003 0.15  0.433 0.413],[0.003 0.15  0.433 0.413 0.001],[0.    0.003 0.    0.15  0.    0.433 0.    0.413 0.    0.001],0.462,0.5574999999999999,0.7733333333333332
407,447.0,[0.056 0.353 0.405 0.186],[0.056 0.353 0.405 0.186 0.   ],[0.    0.056 0.    0.353 0.    0.405 0.    0.186 0.    0.   ],0.34400000000000003,0.44749999999999995,0.7155555555555557
408,448.0,[0.068 0.023 0.727 0.182],[0.068 0.023 0.727 0.182 0.   ],[0.    0.068 0.    0.023 0.    0.727 0.    0.182 0.    0.   ],0.636,0.65875,0.7877777777777778
409,452.0,[0.005 0.214 0.5   0.282],[0.005 0.214 0.5   0.281 0.001],[0.    0.005 0.    0.214 0.    0.5   0.    0.281 0.    0.001],0.3753333333333333,0.4931250000000001,0.7716666666666666
410,453.0,[0.054 0.194 0.629 0.122],[0.054 0.194 0.629 0.12  0.002],[0.    0.054 0.    0.194 0.    0.629 0.    0.12  0.    0.002],0.506,0.536875,0.7150000000000001
411,454.0,[0.012 0.121 0.635 0.232],[0.012 0.121 0.635 0.23  0.002],[0.    0.012 0.    0.121 0.    0.635 0.    0.23  0.    0.002],0.5133333333333333,0.5812499999999999,0.7622222222222222
412,455.0,[0.037 0.194 0.589 0.181],[0.037 0.194 0.589 0.18  0.001],[0.    0.037 0.    0.194 0.    0.589 0.    0.18  0.    0.001],0.45133333333333336,0.4856249999999999,0.736111111111111
413,456.0,[0.036 0.145 0.552 0.268],[0.036 0.145 0.552 0.267 0.   ],[0.    0.036 0.    0.145 0.    0.552 0.    0.267 0.    0.   ],0.426,0.52375,0.737777777777778
414,457.0,[0.027 0.173 0.48  0.319],[0.027 0.173 0.48  0.316 0.003],[0.    0.027 0.    0.173 0.    0.48  0.    0.316 0.    0.003],0.3993333333333333,0.4956249999999999,0.7438888888888888
415,458.0,[0.054 0.181 0.484 0.281],[0.054 0.181 0.484 0.183 0.098],[0.    0.054 0.    0.181 0.    0.484 0.    0.183 0.    0.098],0.35333333333333333,0.35500000000000004,0.6088888888888889
416,459.0,[0.011 0.03  0.696 0.263],[0.011 0.03  0.696 0.258 0.005],[0.    0.011 0.    0.03  0.    0.696 0.    0.258 0.    0.005],0.612,0.6925,0.8377777777777777
417,460.0,[0.016 0.084 0.572 0.329],[0.016 0.084 0.572 0.307 0.021],[0.    0.016 0.    0.084 0.    0.572 0.    0.307 0.    0.021],0.5339999999999999,0.5987499999999999,0.7544444444444445
418,461.0,[0.032 0.154 0.51  0.304],[0.032 0.154 0.51  0.298 0.007],[0.    0.032 0.    0.154 0.    0.51  0.    0.298 0.    0.007],0.41866666666666674,0.5093749999999999,0.7350000000000001
419,462.0,[0.007 0.122 0.741 0.129],[0.007 0.122 0.741 0.119 0.01 ],[0.    0.007 0.    0.122 0.    0.741 0.    0.119 0.    0.01 ],0.6553333333333333,0.6768749999999999,0.7583333333333334
420,463.0,[0.043 0.073 0.449 0.434],[0.043 0.073 0.449 0.397 0.037],[0.    0.043 0.    0.073 0.    0.449 0.    0.397 0.    0.037],0.5113333333333333,0.558125,0.7183333333333333
421,464.0,[0.039 0.071 0.363 0.527],[0.039 0.071 0.363 0.447 0.08 ],[0.    0.039 0.    0.071 0.    0.363 0.    0.447 0.    0.08 ],0.52,0.5125,0.6777777777777779
422,465.0,[0.007 0.027 0.44  0.527],[0.007 0.027 0.44  0.527 0.   ],[0.    0.007 0.    0.027 0.    0.44  0.    0.527 0.    0.   ],0.622,0.708125,0.8516666666666667
423,466.0,[0.041 0.052 0.665 0.242],[0.041 0.052 0.665 0.216 0.025],[0.    0.041 0.    0.052 0.    0.665 0.    0.216 0.    0.025],0.5533333333333333,0.601875,0.7572222222222224
424,467.0,[0.004 0.08  0.207 0.709],[0.004 0.08  0.207 0.612 0.097],[0.    0.004 0.    0.08  0.    0.207 0.    0.612 0.    0.097],0.612,0.5237499999999998,0.6877777777777777
425,468.0,[0.004 0.197 0.589 0.21 ],[0.004 0.197 0.589 0.2   0.009],[0.    0.004 0.    0.197 0.    0.589 0.    0.2   0.    0.009],0.45199999999999996,0.48687499999999995,0.7627777777777778
426,469.0,[0.012 0.082 0.558 0.349],[0.012 0.082 0.558 0.347 0.002],[0.    0.012 0.    0.082 0.    0.558 0.    0.347 0.    0.002],0.5419999999999999,0.6306249999999999,0.7827777777777779
427,470.0,[0.036 0.186 0.452 0.325],[0.036 0.186 0.452 0.289 0.037],[0.    0.036 0.    0.186 0.    0.452 0.    0.289 0.    0.037],0.37000000000000005,0.42625,0.6966666666666665
428,471.0,[0.002 0.177 0.527 0.294],[0.002 0.177 0.527 0.292 0.002],[0.    0.002 0.    0.177 0.    0.527 0.    0.292 0.    0.002],0.4280000000000001,0.52375,0.7733333333333334
429,472.0,[0.004 0.183 0.736 0.077],[0.004 0.183 0.736 0.065 0.012],[0.    0.004 0.    0.183 0.    0.736 0.    0.065 0.    0.012],0.648,0.67,0.798888888888889
430,473.0,[0.    0.074 0.842 0.084],[0.    0.074 0.842 0.053 0.032],[0.    0.    0.    0.074 0.    0.842 0.    0.053 0.    0.032],0.7893333333333333,0.8018749999999999,0.8238888888888889
431,478.0,[0.039 0.195 0.498 0.267],[0.039 0.195 0.498 0.263 0.004],[0.    0.039 0.    0.195 0.    0.498 0.    0.263 0.    0.004],0.35400000000000004,0.4518749999999999,0.7294444444444446
432,479.0,[0.132 0.146 0.457 0.266],[0.132 0.146 0.457 0.264 0.002],[0.    0.132 0.    0.146 0.    0.457 0.    0.264 0.    0.002],0.2966666666666667,0.400625,0.665
433,480.0,[0.036 0.232 0.523 0.21 ],[0.036 0.232 0.523 0.209 0.   ],[0.    0.036 0.    0.232 0.    0.523 0.    0.209 0.    0.   ],0.36333333333333334,0.45499999999999996,0.737777777777778
434,481.0,[0.003 0.103 0.368 0.525],[0.003 0.103 0.368 0.478 0.047],[0.    0.003 0.    0.103 0.    0.368 0.    0.478 0.    0.047],0.5246666666666667,0.558125,0.7216666666666666
435,482.0,[0.008 0.284 0.542 0.165],[0.008 0.284 0.542 0.165 0.   ],[0.    0.008 0.    0.284 0.    0.542 0.    0.165 0.    0.   ],0.43533333333333335,0.533125,0.7683333333333334
436,483.0,[0.002 0.029 0.73  0.239],[0.002 0.029 0.73  0.238 0.001],[0.    0.002 0.    0.029 0.    0.73  0.    0.238 0.    0.001],0.64,0.7100000000000001,0.8533333333333333
437,484.0,[0.004 0.115 0.54  0.341],[0.004 0.115 0.54  0.341 0.   ],[0.    0.004 0.    0.115 0.    0.54  0.    0.341 0.    0.   ],0.508,0.60125,0.7733333333333334
438,485.0,[0.025 0.178 0.532 0.265],[0.025 0.178 0.532 0.252 0.013],[0.    0.025 0.    0.178 0.    0.532 0.    0.252 0.    0.013],0.3960000000000001,0.48,0.7355555555555556
439,486.0,[0.027 0.188 0.461 0.324],[0.027 0.188 0.461 0.305 0.019],[0.    0.027 0.    0.188 0.    0.461 0.    0.305 0.    0.019],0.38000000000000006,0.4575,0.7266666666666667
440,487.0,[0.052 0.195 0.517 0.237],[0.052 0.195 0.517 0.231 0.006],[0.    0.052 0.    0.195 0.    0.517 0.    0.231 0.    0.006],0.35533333333333333,0.434375,0.7138888888888889
441,488.0,[0.024 0.044 0.667 0.265],[0.024 0.044 0.667 0.234 0.031],[0.    0.024 0.    0.044 0.    0.667 0.    0.234 0.    0.031],0.5760000000000001,0.6262500000000001,0.778888888888889
442,489.0,[0.001 0.546 0.288 0.165],[0.001 0.546 0.288 0.149 0.016],[0.    0.001 0.    0.546 0.    0.288 0.    0.149 0.    0.016],0.4453333333333333,0.5425,0.758888888888889
443,490.0,[0.004 0.477 0.409 0.11 ],[0.004 0.477 0.409 0.054 0.055],[0.    0.004 0.    0.477 0.    0.409 0.    0.054 0.    0.055],0.5146666666666666,0.6081249999999999,0.7627777777777778
444,491.0,[0.003 0.154 0.664 0.179],[0.003 0.154 0.664 0.179 0.   ],[0.    0.003 0.    0.154 0.    0.664 0.    0.179 0.    0.   ],0.552,0.5800000000000001,0.7744444444444445
445,492.0,[0.    0.477 0.296 0.227],[0.    0.477 0.296 0.225 0.001],[0.    0.    0.    0.477 0.    0.296 0.    0.225 0.    0.001],0.36399999999999993,0.49812499999999993,0.7761111111111111
446,493.0,[0.009 0.192 0.648 0.151],[0.009 0.192 0.648 0.151 0.   ],[0.    0.009 0.    0.192 0.    0.648 0.    0.151 0.    0.   ],0.5306666666666667,0.56,0.7677777777777778
447,494.0,[0.021 0.19  0.66  0.129],[0.021 0.19  0.66  0.127 0.002],[0.    0.021 0.    0.19  0.    0.66  0.    0.127 0.    0.002],0.5466666666666667,0.575,0.7522222222222223
448,495.0,[0.058 0.133 0.573 0.236],[0.058 0.133 0.573 0.232 0.004],[0.    0.058 0.    0.133 0.    0.573 0.    0.232 0.    0.004],0.4306666666666666,0.50625,0.708888888888889
449,496.0,[0.    0.066 0.654 0.279],[0.    0.066 0.654 0.279 0.   ],[0.    0.    0.    0.066 0.    0.654 0.    0.279 0.    0.   ],0.5780000000000001,0.6668749999999999,0.8150000000000002
450,497.0,[0.    0.105 0.536 0.359],[0.    0.105 0.536 0.358 0.001],[0.    0.    0.    0.105 0.    0.536 0.    0.358 0.    0.001],0.5266666666666667,0.6174999999999999,0.7766666666666667
451,498.0,[0. 0. 1. 0.],[0. 0. 1. 0. 0.],[0. 0. 0. 0. 0. 1. 0. 0. 0. 0.],1.0,1.0,1.0000000000000002
452,503.0,[0.    0.083 0.844 0.072],[0.    0.083 0.844 0.072 0.   ],[0.    0.    0.    0.083 0.    0.844 0.    0.072 0.    0.   ],0.7926666666666665,0.8056249999999999,0.8272222222222223
453,504.0,[0. 0. 0. 1.],[0. 0. 0. 1. 0.],[0. 0. 0. 0. 0. 0. 0. 1. 0. 0.],1.0,1.0,1.0000000000000002
454,505.0,[0.625 0.1   0.225 0.05 ],[0.625 0.1   0.225 0.05  0.   ],[0.    0.625 0.    0.1   0.    0.225 0.    0.05  0.    0.   ],0.5,0.5625,0.7222222222222223
455,506.0,[0.    0.    0.955 0.045],[0.    0.    0.955 0.045 0.   ],[0.    0.    0.    0.    0.    0.955 0.    0.045 0.    0.   ],0.9400000000000001,0.9437499999999999,0.95
456,507.0,[0.053 0.224 0.617 0.106],[0.053 0.224 0.617 0.105 0.001],[0.    0.053 0.    0.224 0.    0.617 0.    0.105 0.    0.001],0.48933333333333334,0.5512499999999999,0.7177777777777777
457,508.0,[0.036 0.223 0.526 0.216],[0.036 0.223 0.526 0.216 0.   ],[0.    0.036 0.    0.223 0.    0.526 0.    0.216 0.    0.   ],0.36733333333333335,0.45562500000000006,0.7383333333333334
458,509.0,[0.089 0.15  0.611 0.151],[0.089 0.15  0.611 0.148 0.003],[0.    0.089 0.    0.15  0.    0.611 0.    0.148 0.    0.003],0.48066666666666663,0.513125,0.6761111111111111
459,510.0,[0.074 0.201 0.408 0.318],[0.074 0.201 0.408 0.278 0.04 ],[0.    0.074 0.    0.201 0.    0.408 0.    0.278 0.    0.04 ],0.30066666666666664,0.35812499999999997,0.6516666666666667
460,511.0,[0.024 0.116 0.561 0.299],[0.024 0.116 0.561 0.264 0.035],[0.    0.024 0.    0.116 0.    0.561 0.    0.264 0.    0.035],0.48,0.53125,0.7122222222222222
461,512.0,[0.014 0.154 0.549 0.283],[0.014 0.154 0.549 0.27  0.012],[0.    0.014 0.    0.154 0.    0.549 0.    0.27  0.    0.012],0.4426666666666666,0.5243749999999999,0.7483333333333334
462,513.0,[0.    0.    0.804 0.196],[0.    0.    0.804 0.196 0.   ],[0.    0.    0.    0.    0.    0.804 0.    0.196 0.    0.   ],0.7386666666666667,0.7549999999999999,0.888888888888889
463,514.0,[0.014 0.124 0.405 0.457],[0.014 0.124 0.405 0.41  0.048],[0.    0.014 0.    0.124 0.    0.405 0.    0.41  0.    0.048],0.48266666666666663,0.5181250000000001,0.7094444444444445
464,515.0,[0.003 0.153 0.615 0.229],[0.003 0.153 0.615 0.228 0.   ],[0.    0.003 0.    0.153 0.    0.615 0.    0.228 0.    0.   ],0.48666666666666664,0.554375,0.773888888888889
465,516.0,[0.005 0.531 0.328 0.137],[0.005 0.531 0.328 0.134 0.003],[0.    0.005 0.    0.531 0.    0.328 0.    0.134 0.    0.003],0.47800000000000004,0.573125,0.7694444444444444
466,517.0,[0.116 0.179 0.674 0.032],[0.116 0.179 0.674 0.03  0.001],[0.    0.116 0.    0.179 0.    0.674 0.    0.03  0.    0.001],0.5646666666666667,0.5925,0.7433333333333334
467,518.0,[0.06  0.187 0.524 0.229],[0.06  0.187 0.524 0.222 0.007],[0.    0.06  0.    0.187 0.    0.524 0.    0.222 0.    0.007],0.36533333333333334,0.43249999999999994,0.7033333333333334
468,519.0,[0.006 0.053 0.488 0.453],[0.006 0.053 0.488 0.44  0.013],[0.    0.006 0.    0.053 0.    0.488 0.    0.44  0.    0.013],0.5880000000000001,0.66,0.8088888888888889
469,520.0,[0.005 0.1   0.565 0.33 ],[0.005 0.1   0.565 0.315 0.015],[0.    0.005 0.    0.1   0.    0.565 0.    0.315 0.    0.015],0.5266666666666667,0.6,0.7555555555555554
470,521.0,[0.009 0.26  0.529 0.203],[0.009 0.26  0.529 0.183 0.02 ],[0.    0.009 0.    0.26  0.    0.529 0.    0.183 0.    0.02 ],0.38466666666666666,0.4856250000000001,0.7461111111111112
471,522.0,[0.022 0.197 0.491 0.291],[0.022 0.197 0.491 0.251 0.04 ],[0.    0.022 0.    0.197 0.    0.491 0.    0.251 0.    0.04 ],0.3753333333333333,0.42687499999999995,0.7094444444444445
472,523.0,[0.    0.388 0.427 0.184],[0.    0.388 0.427 0.179 0.006],[0.    0.    0.    0.388 0.    0.427 0.    0.179 0.    0.006],0.4206666666666667,0.51875,0.7711111111111112
473,529.0,[0.  0.  0.5 0.5],[0.  0.  0.5 0.5 0. ],[0.  0.  0.  0.  0.  0.5 0.  0.5 0.  0. ],0.6666666666666666,0.7499999999999999,0.888888888888889
474,530.0,[0.    0.    0.571 0.429],[0.    0.    0.571 0.429 0.   ],[0.    0.    0.    0.    0.    0.571 0.    0.429 0.    0.   ],0.6666666666666666,0.7499999999999999,0.888888888888889
475,531.0,[0.    0.057 0.623 0.321],[0.    0.057 0.623 0.321 0.   ],[0.    0.    0.    0.057 0.    0.623 0.    0.321 0.    0.   ],0.5913333333333334,0.679375,0.8261111111111111
476,532.0,[0.09  0.026 0.577 0.307],[0.09  0.026 0.577 0.227 0.08 ],[0.    0.09  0.    0.026 0.    0.577 0.    0.227 0.    0.08 ],0.512,0.505,0.6711111111111112
477,533.0,[0.147 0.349 0.438 0.066],[0.147 0.349 0.438 0.051 0.016],[0.    0.147 0.    0.349 0.    0.438 0.    0.051 0.    0.016],0.3826666666666667,0.4831249999999999,0.7038888888888889
478,534.0,[0.016 0.115 0.47  0.399],[0.016 0.115 0.47  0.38  0.019],[0.    0.016 0.    0.115 0.    0.47  0.    0.38  0.    0.019],0.492,0.5624999999999999,0.7388888888888889
479,535.0,[0.037 0.136 0.504 0.324],[0.037 0.136 0.504 0.295 0.028],[0.    0.037 0.    0.136 0.    0.504 0.    0.295 0.    0.028],0.4366666666666667,0.49875,0.7055555555555556
480,536.0,[0.003 0.198 0.59  0.209],[0.003 0.198 0.59  0.202 0.007],[0.    0.003 0.    0.198 0.    0.59  0.    0.202 0.    0.007],0.45333333333333337,0.49,0.7666666666666667
481,537.0,[0.006 0.18  0.625 0.189],[0.006 0.18  0.625 0.15  0.04 ],[0.    0.006 0.    0.18  0.    0.625 0.    0.15  0.    0.04 ],0.5,0.530625,0.7272222222222223
482,538.0,[0.    0.008 0.46  0.533],[0.    0.008 0.46  0.533 0.   ],[0.    0.    0.    0.008 0.    0.46  0.    0.533 0.    0.   ],0.6566666666666666,0.740625,0.8805555555555556
483,539.0,[0.007 0.447 0.495 0.051],[0.007 0.447 0.495 0.046 0.005],[0.    0.007 0.    0.447 0.    0.495 0.    0.046 0.    0.005],0.5893333333333334,0.6775,0.8244444444444444
484,540.0,[0.023 0.255 0.558 0.163],[0.023 0.255 0.558 0.076 0.087],[0.    0.023 0.    0.255 0.    0.558 0.    0.076 0.    0.087],0.418,0.516875,0.6816666666666669
485,541.0,[0.    0.209 0.76  0.032],[0.    0.209 0.76  0.032 0.   ],[0.    0.    0.    0.209 0.    0.76  0.    0.032 0.    0.   ],0.6793333333333335,0.710625,0.853888888888889
486,542.0,[0.028 0.138 0.661 0.173],[0.028 0.138 0.661 0.166 0.007],[0.    0.028 0.    0.138 0.    0.661 0.    0.166 0.    0.007],0.548,0.57625,0.7388888888888889
487,543.0,[0.017 0.28  0.423 0.281],[0.017 0.28  0.423 0.276 0.004],[0.    0.017 0.    0.28  0.    0.423 0.    0.276 0.    0.004],0.31133333333333335,0.47375,0.7544444444444445
488,544.0,[0.002 0.316 0.622 0.06 ],[0.002 0.316 0.622 0.06  0.   ],[0.    0.002 0.    0.316 0.    0.622 0.    0.06  0.    0.   ],0.584,0.6725,0.8200000000000001
489,545.0,[0.02 0.02 0.75 0.21],[0.02 0.02 0.75 0.   0.21],[0.   0.02 0.   0.02 0.   0.75 0.   0.   0.   0.21],0.6666666666666666,0.7000000000000001,0.8444444444444444
490,546.0,[0.007 0.08  0.566 0.347],[0.007 0.08  0.566 0.347 0.   ],[0.    0.007 0.    0.08  0.    0.566 0.    0.347 0.    0.   ],0.5506666666666665,0.6412499999999999,0.7922222222222223
491,547.0,[0.003 0.381 0.392 0.224],[0.003 0.381 0.392 0.084 0.139],[0.    0.003 0.    0.381 0.    0.392 0.    0.084 0.    0.139],0.36400000000000005,0.46687500000000004,0.6805555555555556
492,548.0,[0.    0.922 0.065 0.013],[0.    0.922 0.065 0.013 0.   ],[0.    0.    0.    0.922 0.    0.065 0.    0.013 0.    0.   ],0.8959999999999999,0.9025,0.9133333333333336
493,555.0,[0.    0.    0.962 0.038],[0.    0.    0.962 0.038 0.   ],[0.    0.    0.    0.    0.    0.962 0.    0.038 0.    0.   ],0.9493333333333333,0.9524999999999998,0.9577777777777778
494,556.0,[0.    0.078 0.388 0.535],[0.    0.078 0.388 0.535 0.   ],[0.    0.    0.    0.078 0.    0.388 0.    0.535 0.    0.   ],0.5633333333333334,0.653125,0.8027777777777779
495,557.0,[0.    0.103 0.67  0.227],[0.    0.103 0.67  0.227 0.   ],[0.    0.    0.    0.103 0.    0.67  0.    0.227 0.    0.   ],0.56,0.6212500000000001,0.7777777777777778
496,558.0,[0.065 0.036 0.668 0.231],[0.065 0.036 0.668 0.23  0.001],[0.    0.065 0.    0.036 0.    0.668 0.    0.23  0.    0.001],0.5573333333333333,0.6225,0.7755555555555556
497,559.0,[0.054 0.106 0.521 0.319],[0.054 0.106 0.521 0.294 0.024],[0.    0.054 0.    0.106 0.    0.521 0.    0.294 0.    0.024],0.4533333333333333,0.519375,0.6905555555555556
498,560.0,[0.031 0.076 0.659 0.235],[0.031 0.076 0.659 0.223 0.012],[0.    0.031 0.    0.076 0.    0.659 0.    0.223 0.    0.012],0.5446666666666667,0.601875,0.7572222222222224
499,561.0,[0.019 0.174 0.539 0.268],[0.019 0.174 0.539 0.258 0.01 ],[0.    0.019 0.    0.174 0.    0.539 0.    0.258 0.    0.01 ],0.4093333333333334,0.49625,0.7455555555555557
500,562.0,[0.023 0.053 0.677 0.247],[0.023 0.053 0.677 0.227 0.02 ],[0.    0.023 0.    0.053 0.    0.677 0.    0.227 0.    0.02 ],0.5693333333333334,0.6300000000000001,0.7822222222222224
501,563.0,[0.002 0.326 0.432 0.24 ],[0.002 0.326 0.432 0.239 0.001],[0.    0.002 0.    0.326 0.    0.432 0.    0.239 0.    0.001],0.34400000000000003,0.49625,0.7744444444444444
502,564.0,[0.099 0.081 0.401 0.419],[0.099 0.081 0.401 0.419 0.   ],[0.    0.099 0.    0.081 0.    0.401 0.    0.419 0.    0.   ],0.4266666666666666,0.525,0.688888888888889
503,565.0,[0.014 0.012 0.958 0.016],[0.014 0.012 0.958 0.014 0.002],[0.    0.014 0.    0.012 0.    0.958 0.    0.014 0.    0.002],0.944,0.9475,0.9533333333333333
504,566.0,[0.006 0.006 0.521 0.468],[0.006 0.006 0.521 0.326 0.141],[0.    0.006 0.    0.006 0.    0.521 0.    0.326 0.    0.141],0.6513333333333334,0.5587500000000001,0.7644444444444444
505,567.0,[0.    0.116 0.434 0.449],[0.    0.116 0.434 0.429 0.02 ],[0.    0.    0.    0.116 0.    0.434 0.    0.429 0.    0.02 ],0.5113333333333334,0.579375,0.755
506,568.0,[0.042 0.671 0.188 0.099],[0.042 0.671 0.188 0.098 0.001],[0.    0.042 0.    0.671 0.    0.188 0.    0.098 0.    0.001],0.5613333333333334,0.5887499999999999,0.7322222222222223
507,569.0,[0.048 0.048 0.869 0.036],[0.048 0.048 0.869 0.036 0.   ],[0.    0.048 0.    0.048 0.    0.869 0.    0.036 0.    0.   ],0.8246666666666668,0.835625,0.8538888888888889
508,582.0,[0.002 0.556 0.178 0.265],[0.002 0.556 0.178 0.265 0.   ],[0.    0.002 0.    0.556 0.    0.178 0.    0.265 0.    0.   ],0.4273333333333334,0.5256249999999999,0.7761111111111112
509,583.0,[0.008 0.113 0.49  0.389],[0.008 0.113 0.49  0.386 0.003],[0.    0.008 0.    0.113 0.    0.49  0.    0.386 0.    0.003],0.5053333333333333,0.595,0.7655555555555555
510,584.0,[0.035 0.142 0.527 0.297],[0.035 0.142 0.527 0.267 0.029],[0.    0.035 0.    0.142 0.    0.527 0.    0.267 0.    0.029],0.43133333333333335,0.4925,0.7066666666666667
511,585.0,[0.046 0.19  0.518 0.247],[0.046 0.19  0.518 0.228 0.018],[0.    0.046 0.    0.19  0.    0.518 0.    0.228 0.    0.018],0.3566666666666667,0.4325,0.7066666666666668
512,586.0,[0.015 0.087 0.522 0.375],[0.015 0.087 0.522 0.345 0.03 ],[0.    0.015 0.    0.087 0.    0.522 0.    0.345 0.    0.03 ],0.53,0.5843750000000001,0.7416666666666668
513,587.0,[0.046 0.154 0.488 0.311],[0.046 0.154 0.488 0.31  0.001],[0.    0.046 0.    0.154 0.    0.488 0.    0.31  0.    0.001],0.3993333333333333,0.49812499999999993,0.7250000000000001
514,588.0,[0.05  0.185 0.501 0.263],[0.05  0.185 0.501 0.263 0.   ],[0.    0.05  0.    0.185 0.    0.501 0.    0.263 0.    0.   ],0.3526666666666667,0.45562500000000006,0.7216666666666668
515,589.0,[0.083 0.013 0.898 0.006],[0.083 0.013 0.898 0.006 0.   ],[0.    0.083 0.    0.013 0.    0.898 0.    0.006 0.    0.   ],0.864,0.8724999999999999,0.8866666666666668
516,590.0,[0.099 0.089 0.633 0.179],[0.099 0.089 0.633 0.118 0.061],[0.    0.099 0.    0.089 0.    0.633 0.    0.118 0.    0.061],0.5106666666666667,0.54125,0.6122222222222222
517,591.0,[0.    0.378 0.302 0.32 ],[0.    0.378 0.302 0.315 0.005],[0.    0.    0.    0.378 0.    0.302 0.    0.315 0.    0.005],0.3333333333333333,0.49375,0.7722222222222223
518,608.0,[0.026 0.135 0.608 0.231],[0.026 0.135 0.608 0.23  0.001],[0.    0.026 0.    0.135 0.    0.608 0.    0.23  0.    0.001],0.47733333333333333,0.5475,0.7477777777777778
519,609.0,[0.002 0.148 0.574 0.276],[0.002 0.148 0.574 0.274 0.002],[0.    0.002 0.    0.148 0.    0.574 0.    0.274 0.    0.002],0.4666666666666666,0.5599999999999999,0.7733333333333334
520,610.0,[0.001 0.083 0.497 0.419],[0.001 0.083 0.497 0.363 0.056],[0.    0.001 0.    0.083 0.    0.497 0.    0.363 0.    0.056],0.5546666666666668,0.575,0.7333333333333334
521,611.0,[0.01  0.169 0.525 0.297],[0.01  0.169 0.525 0.225 0.072],[0.    0.01  0.    0.169 0.    0.525 0.    0.225 0.    0.072],0.4286666666666667,0.436875,0.6872222222222223
522,612.0,[0.    0.011 0.754 0.235],[0.    0.011 0.754 0.235 0.001],[0.    0.    0.    0.011 0.    0.754 0.    0.235 0.    0.001],0.672,0.735625,0.8761111111111112
523,613.0,[0.002 0.257 0.409 0.332],[0.002 0.257 0.409 0.332 0.   ],[0.    0.002 0.    0.257 0.    0.409 0.    0.332 0.    0.   ],0.33066666666666666,0.4975,0.7755555555555556
524,614.0,[0.01  0.363 0.576 0.051],[0.01  0.363 0.576 0.051 0.   ],[0.    0.01  0.    0.363 0.    0.576 0.    0.051 0.    0.   ],0.5853333333333333,0.6737499999999998,0.8211111111111112
525,615.0,[0.009 0.002 0.75  0.239],[0.009 0.002 0.75  0.239 0.   ],[0.    0.009 0.    0.002 0.    0.75  0.    0.239 0.    0.   ],0.6666666666666666,0.73625,0.8766666666666668
