,id,distribution_4,distribution_5,distribution_10,seg4,seg5,seg10
0,1,[0. 0. 1. 0.],[0. 0. 1. 0. 0.],[0. 0. 0. 0. 0. 1. 0. 0. 0. 0.],1.0,1.0,1.0000000000000002
1,2,[0. 0. 0. 1.],[0. 0. 0. 0. 1.],[0. 0. 0. 0. 0. 0. 0. 0. 1. 0.],1.0,1.0,1.0000000000000002
2,13,[0. 1. 0. 0.],[0. 0. 1. 0. 0.],[0. 0. 0. 0. 1. 0. 0. 0. 0. 0.],1.0,1.0,1.0000000000000002
3,25,[0. 0. 1. 0.],[0. 0. 1. 0. 0.],[0. 0. 0. 0. 0. 1. 0. 0. 0. 0.],1.0,1.0,1.0000000000000002
4,26,[0.043 0.043 0.739 0.174],[0.    0.043 0.783 0.    0.174],[0.    0.    0.043 0.    0.043 0.739 0.    0.    0.174 0.   ],0.6526666666666667,0.7287499999999999,0.7927777777777779
5,27,[0.107 0.107 0.214 0.571],[0.    0.107 0.321 0.    0.571],[0.    0.    0.107 0.    0.107 0.214 0.    0.    0.571 0.   ],0.4286666666666667,0.615625,0.6661111111111111
6,28,[0.647 0.    0.118 0.235],[0.    0.647 0.118 0.    0.235],[0.    0.    0.647 0.    0.    0.118 0.    0.    0.235 0.   ],0.5293333333333333,0.6024999999999999,0.7777777777777778
7,29,[0. 0. 1. 0.],[0. 0. 1. 0. 0.],[0. 0. 0. 0. 0. 1. 0. 0. 0. 0.],1.0,1.0,1.0000000000000002
8,30,[0.    0.    0.667 0.333],[0.    0.    0.667 0.    0.333],[0.    0.    0.    0.    0.    0.667 0.    0.    0.333 0.   ],0.6666666666666666,0.7499999999999999,0.888888888888889
9,31,[0.  0.  0.2 0.8],[0.  0.  0.2 0.  0.8],[0.  0.  0.  0.  0.  0.2 0.  0.  0.4 0.4],0.7333333333333334,0.7500000000000001,0.7777777777777778
10,33,[0. 0. 1. 0.],[0. 0. 1. 0. 0.],[0. 0. 0. 0. 0. 1. 0. 0. 0. 0.],1.0,1.0,1.0000000000000002
11,36,[0. 0. 0. 1.],[0. 0. 0. 0. 1.],[0. 0. 0. 0. 0. 0. 0. 0. 1. 0.],1.0,1.0,1.0000000000000002
12,37,[0. 0. 0. 1.],[0. 0. 0. 0. 1.],[0. 0. 0. 0. 0. 0. 0. 0. 1. 0.],1.0,1.0,1.0000000000000002
13,41,[0. 1. 0. 0.],[0. 0. 1. 0. 0.],[0. 0. 0. 0. 1. 0. 0. 0. 0. 0.],1.0,1.0,1.0000000000000002
14,50,[0. 0. 0. 1.],[0. 0. 0. 0. 1.],[0. 0. 0. 0. 0. 0. 0. 0. 1. 0.],1.0,1.0,1.0000000000000002
15,51,[0.    0.121 0.758 0.121],[0.    0.    0.879 0.    0.121],[0.    0.    0.    0.    0.121 0.758 0.    0.    0.121 0.   ],0.6773333333333333,0.84875,0.7777777777777777
16,52,[0.    0.    0.929 0.071],[0.    0.    0.929 0.    0.071],[0.    0.    0.    0.    0.    0.929 0.    0.    0.014 0.057],0.9053333333333334,0.9112499999999999,0.921111111111111
17,53,[0.037 0.049 0.28  0.634],[0.    0.037 0.329 0.    0.634],[0.    0.    0.037 0.    0.049 0.28  0.    0.    0.073 0.561],0.552,0.7037499999999999,0.7122222222222222
18,54,[0. 0. 1. 0.],[0. 0. 1. 0. 0.],[0. 0. 0. 0. 0. 1. 0. 0. 0. 0.],1.0,1.0,1.0000000000000002
19,55,[0.  0.1 0.5 0.4],[0.  0.  0.6 0.  0.4],[0.  0.  0.  0.  0.1 0.5 0.  0.  0.4 0. ],0.5333333333333333,0.7499999999999999,0.7777777777777778
20,56,[0.    0.    0.733 0.267],[0.    0.    0.733 0.    0.267],[0.    0.    0.    0.    0.    0.733 0.    0.    0.267 0.   ],0.6666666666666666,0.7499999999999999,0.8888888888888891
21,58,[0.    0.    0.333 0.667],[0.    0.    0.333 0.    0.667],[0.    0.    0.    0.    0.    0.333 0.    0.    0.667 0.   ],0.6666666666666666,0.7500000000000001,0.888888888888889
22,59,[0. 0. 1. 0.],[0. 0. 1. 0. 0.],[0. 0. 0. 0. 0. 1. 0. 0. 0. 0.],1.0,1.0,1.0000000000000002
23,60,[0.   0.   0.95 0.05],[0.   0.   0.95 0.   0.05],[0.   0.   0.   0.   0.   0.95 0.   0.   0.05 0.  ],0.9333333333333332,0.9375,0.9444444444444444
24,61,[0.    0.075 0.873 0.052],[0.    0.    0.948 0.    0.052],[0.    0.    0.    0.    0.075 0.873 0.    0.    0.052 0.   ],0.8306666666666667,0.9349999999999999,0.858888888888889
25,62,[0.    0.    0.455 0.545],[0.    0.    0.455 0.    0.545],[0.    0.    0.    0.    0.    0.455 0.    0.    0.545 0.   ],0.6666666666666666,0.7499999999999999,0.8888888888888891
26,63,[0. 0. 1. 0.],[0. 0. 1. 0. 0.],[0. 0. 0. 0. 0. 1. 0. 0. 0. 0.],1.0,1.0,1.0000000000000002
27,65,[0. 0. 0. 1.],[0. 0. 0. 0. 1.],[0. 0. 0. 0. 0. 0. 0. 0. 1. 0.],1.0,1.0,1.0000000000000002
28,67,[0. 0. 1. 0.],[0. 0. 1. 0. 0.],[0. 0. 0. 0. 0. 1. 0. 0. 0. 0.],1.0,1.0,1.0000000000000002
29,68,[0. 1. 0. 0.],[0. 0. 1. 0. 0.],[0. 0. 0. 0. 1. 0. 0. 0. 0. 0.],1.0,1.0,1.0000000000000002
30,69,[0.    0.077 0.846 0.077],[0.    0.    0.923 0.    0.077],[0.    0.    0.    0.    0.077 0.846 0.    0.    0.077 0.   ],0.7946666666666666,0.90375,0.828888888888889
31,77,[0.    0.    0.875 0.125],[0.    0.    0.875 0.    0.125],[0.    0.    0.    0.    0.    0.875 0.    0.    0.125 0.   ],0.8333333333333334,0.84375,0.888888888888889
32,78,[0.    0.    0.615 0.385],[0.    0.    0.615 0.    0.385],[0.    0.    0.    0.    0.    0.615 0.    0.    0.308 0.077],0.6666666666666666,0.7499999999999999,0.8033333333333331
33,79,[0. 0. 0. 1.],[0. 0. 0. 0. 1.],[0. 0. 0. 0. 0. 0. 0. 0. 1. 0.],1.0,1.0,1.0000000000000002
34,80,[0.    0.    0.812 0.188],[0.    0.    0.812 0.    0.188],[0.    0.    0.    0.    0.    0.812 0.    0.    0.188 0.   ],0.7493333333333334,0.7649999999999999,0.888888888888889
35,81,[0.  0.  0.5 0.5],[0.  0.  0.5 0.  0.5],[0.  0.  0.  0.  0.  0.5 0.  0.  0.5 0. ],0.6666666666666666,0.7499999999999999,0.888888888888889
36,82,[0.005 0.    0.995 0.   ],[0.    0.005 0.995 0.    0.   ],[0.    0.    0.005 0.    0.    0.995 0.    0.    0.    0.   ],0.9933333333333333,0.9937499999999999,0.9944444444444446
37,83,[0.4 0.2 0.4 0. ],[0.  0.4 0.6 0.  0. ],[0.  0.  0.4 0.  0.2 0.4 0.  0.  0.  0. ],0.4000000000000001,0.7499999999999999,0.7777777777777779
38,84,[0.    0.    0.987 0.013],[0.    0.    0.987 0.    0.013],[0.    0.    0.    0.    0.    0.987 0.    0.    0.013 0.   ],0.9826666666666668,0.9837499999999999,0.9855555555555556
39,85,[0.    0.029 0.8   0.171],[0.    0.    0.829 0.    0.171],[0.    0.    0.    0.    0.029 0.8   0.    0.    0.143 0.029],0.7333333333333333,0.7862499999999998,0.825
40,86,[0.    0.036 0.646 0.318],[0.    0.    0.682 0.    0.318],[0.    0.    0.    0.    0.036 0.646 0.    0.    0.313 0.005],0.6186666666666666,0.7500000000000001,0.8433333333333333
41,87,[0.    0.022 0.586 0.392],[0.    0.    0.608 0.    0.392],[0.    0.    0.    0.    0.022 0.586 0.    0.    0.392 0.   ],0.6373333333333333,0.7499999999999999,0.8644444444444446
42,88,[0.    0.221 0.705 0.074],[0.    0.    0.926 0.    0.074],[0.    0.    0.    0.    0.221 0.705 0.    0.    0.074 0.   ],0.6066666666666666,0.9075,0.8066666666666668
43,90,[0.    0.055 0.709 0.236],[0.    0.    0.764 0.    0.236],[0.    0.    0.    0.    0.055 0.709 0.    0.    0.236 0.   ],0.612,0.7500000000000001,0.8277777777777777
44,92,[0.    0.    0.333 0.667],[0.    0.    0.333 0.    0.667],[0.    0.    0.    0.    0.    0.333 0.    0.    0.667 0.   ],0.6666666666666666,0.7500000000000001,0.888888888888889
45,93,[0. 0. 1. 0.],[0. 0. 1. 0. 0.],[0. 0. 0. 0. 0. 1. 0. 0. 0. 0.],1.0,1.0,1.0000000000000002
46,94,[0. 0. 1. 0.],[0. 0. 1. 0. 0.],[0. 0. 0. 0. 0. 1. 0. 0. 0. 0.],1.0,1.0,1.0000000000000002
47,95,[0.    0.    0.939 0.061],[0.    0.    0.939 0.    0.061],[0.    0.    0.    0.    0.    0.939 0.    0.    0.03  0.03 ],0.9186666666666667,0.9237499999999998,0.9327777777777779
48,102,[0. 0. 1. 0.],[0. 0. 1. 0. 0.],[0. 0. 0. 0. 0. 1. 0. 0. 0. 0.],1.0,1.0,1.0000000000000002
49,103,[0.    0.    0.875 0.125],[0.    0.    0.875 0.    0.125],[0.    0.    0.    0.    0.    0.875 0.    0.    0.125 0.   ],0.8333333333333334,0.84375,0.888888888888889
50,104,[0.    0.848 0.13  0.022],[0.    0.    0.978 0.    0.022],[0.    0.    0.    0.    0.848 0.13  0.    0.    0.022 0.   ],0.7973333333333333,0.9724999999999998,0.8644444444444446
51,105,[0.    0.234 0.766 0.   ],[0. 0. 1. 0. 0.],[0.    0.    0.    0.    0.234 0.766 0.    0.    0.    0.   ],0.6880000000000001,1.0,0.888888888888889
52,106,[0.    0.013 0.974 0.013],[0.    0.    0.987 0.    0.013],[0.    0.    0.    0.    0.013 0.974 0.    0.    0.013 0.   ],0.9653333333333333,0.9837499999999999,0.971111111111111
53,107,[0.197 0.013 0.299 0.49 ],[0.    0.197 0.312 0.    0.49 ],[0.    0.    0.197 0.    0.013 0.299 0.    0.    0.484 0.006],0.38599999999999995,0.5031249999999999,0.7561111111111111
54,108,[0.    0.    0.988 0.012],[0.    0.    0.988 0.    0.012],[0.    0.    0.    0.    0.    0.988 0.    0.    0.012 0.   ],0.984,0.985,0.9866666666666668
55,109,[0.    0.023 0.488 0.488],[0.    0.    0.512 0.    0.488],[0.    0.    0.    0.    0.023 0.488 0.    0.    0.488 0.   ],0.6353333333333333,0.7499999999999999,0.8627777777777778
56,110,[0.055 0.003 0.429 0.514],[0.    0.055 0.432 0.    0.514],[0.    0.    0.055 0.    0.003 0.429 0.    0.    0.512 0.001],0.59,0.6818749999999999,0.8233333333333333
57,111,[0.    0.    0.465 0.535],[0.    0.    0.465 0.    0.535],[0.    0.    0.    0.    0.    0.465 0.    0.    0.468 0.067],0.6666666666666666,0.7499999999999999,0.8144444444444443
58,112,[0.    0.071 0.927 0.003],[0.    0.    0.997 0.    0.003],[0.    0.    0.    0.    0.071 0.927 0.    0.    0.003 0.   ],0.9020000000000001,0.99625,0.9183333333333333
59,113,[0.    0.003 0.699 0.298],[0.    0.    0.702 0.    0.298],[0.    0.    0.    0.    0.003 0.699 0.    0.    0.298 0.   ],0.6626666666666666,0.7500000000000001,0.8855555555555554
60,114,[0.    0.    0.074 0.926],[0.    0.    0.074 0.    0.926],[0.    0.    0.    0.    0.    0.074 0.    0.    0.926 0.   ],0.9013333333333332,0.9075,0.9177777777777778
61,115,[0.    0.039 0.91  0.052],[0.    0.    0.948 0.    0.052],[0.    0.    0.    0.    0.039 0.91  0.    0.    0.052 0.   ],0.8793333333333333,0.9349999999999999,0.8994444444444445
62,116,[0.    0.    0.667 0.333],[0.    0.    0.667 0.    0.333],[0.    0.    0.    0.    0.    0.667 0.    0.    0.333 0.   ],0.6666666666666666,0.7499999999999999,0.888888888888889
63,117,[0.    0.    0.373 0.627],[0.    0.    0.373 0.    0.627],[0.    0.    0.    0.    0.    0.373 0.    0.    0.627 0.   ],0.6666666666666666,0.7499999999999999,0.888888888888889
64,119,[0.    0.    0.828 0.172],[0.    0.    0.828 0.    0.172],[0.    0.    0.    0.    0.    0.828 0.    0.    0.172 0.   ],0.7706666666666666,0.7849999999999999,0.888888888888889
65,120,[0.    0.    0.667 0.333],[0.    0.    0.667 0.    0.333],[0.    0.    0.    0.    0.    0.667 0.    0.    0.333 0.   ],0.6666666666666666,0.7499999999999999,0.888888888888889
66,122,[0. 1. 0. 0.],[0. 0. 1. 0. 0.],[0. 0. 0. 0. 1. 0. 0. 0. 0. 0.],1.0,1.0,1.0000000000000002
67,123,[0. 0. 0. 1.],[0. 0. 0. 0. 1.],[0. 0. 0. 0. 0. 0. 0. 0. 1. 0.],1.0,1.0,1.0000000000000002
68,128,[0. 0. 1. 0.],[0. 0. 1. 0. 0.],[0. 0. 0. 0. 0. 1. 0. 0. 0. 0.],1.0,1.0,1.0000000000000002
69,132,[0.    0.231 0.485 0.284],[0.    0.    0.716 0.    0.284],[0.    0.    0.    0.    0.231 0.485 0.    0.    0.284 0.   ],0.3586666666666667,0.7500000000000001,0.7777777777777778
70,133,[0.    0.004 0.723 0.273],[0.    0.    0.727 0.    0.273],[0.    0.    0.    0.    0.004 0.723 0.    0.    0.273 0.   ],0.6613333333333333,0.7499999999999999,0.8844444444444445
71,134,[0.    0.006 0.436 0.558],[0.    0.    0.442 0.    0.558],[0.    0.    0.    0.    0.006 0.436 0.    0.    0.558 0.   ],0.6586666666666666,0.7500000000000001,0.8822222222222222
72,135,[0.001 0.173 0.264 0.562],[0.    0.001 0.437 0.    0.562],[0.    0.    0.001 0.    0.173 0.264 0.    0.    0.56  0.002],0.43466666666666676,0.74875,0.7744444444444446
73,136,[0.    0.007 0.62  0.374],[0.    0.    0.626 0.    0.374],[0.    0.    0.    0.    0.007 0.62  0.    0.    0.372 0.002],0.658,0.7499999999999999,0.8794444444444445
74,137,[0.205 0.269 0.433 0.093],[0.    0.205 0.702 0.    0.093],[0.    0.    0.205 0.    0.269 0.433 0.    0.    0.006 0.087],0.26933333333333337,0.6337499999999999,0.6744444444444444
75,138,[0.    0.508 0.454 0.039],[0.    0.    0.961 0.    0.039],[0.    0.    0.    0.    0.508 0.454 0.    0.    0.001 0.038],0.6153333333333333,0.9512499999999999,0.8461111111111111
76,139,[0.    0.061 0.652 0.288],[0.    0.    0.712 0.    0.288],[0.    0.    0.    0.    0.061 0.652 0.    0.    0.288 0.   ],0.586,0.7500000000000001,0.8216666666666668
77,140,[0.    0.    0.047 0.953],[0.    0.    0.047 0.    0.953],[0.    0.    0.    0.    0.    0.047 0.    0.    0.953 0.   ],0.9373333333333335,0.9412499999999999,0.9477777777777778
78,141,[0. 0. 0. 1.],[0. 0. 0. 0. 1.],[0. 0. 0. 0. 0. 0. 0. 0. 1. 0.],1.0,1.0,1.0000000000000002
79,142,[0.    0.446 0.545 0.009],[0.    0.    0.991 0.    0.009],[0.    0.    0.    0.    0.446 0.545 0.    0.    0.009 0.   ],0.6546666666666667,0.9887499999999999,0.8788888888888889
80,143,[0.    0.143 0.857 0.   ],[0. 0. 1. 0. 0.],[0.    0.    0.    0.    0.143 0.857 0.    0.    0.    0.   ],0.8093333333333333,1.0,0.888888888888889
81,144,[0.    0.072 0.475 0.453],[0.    0.    0.547 0.    0.453],[0.    0.    0.    0.    0.072 0.475 0.    0.    0.453 0.   ],0.5706666666666668,0.7500000000000001,0.808888888888889
82,145,[0.    0.    0.857 0.143],[0.    0.    0.857 0.    0.143],[0.    0.    0.    0.    0.    0.857 0.    0.    0.143 0.   ],0.8093333333333333,0.8212499999999998,0.8888888888888888
83,146,[0. 0. 0. 1.],[0. 0. 0. 0. 1.],[0. 0. 0. 0. 0. 0. 0. 0. 1. 0.],1.0,1.0,1.0000000000000002
84,147,[0. 0. 0. 1.],[0. 0. 0. 0. 1.],[0. 0. 0. 0. 0. 0. 0. 0. 1. 0.],1.0,1.0,1.0000000000000002
85,148,[0. 0. 1. 0.],[0. 0. 1. 0. 0.],[0. 0. 0. 0. 0. 1. 0. 0. 0. 0.],1.0,1.0,1.0000000000000002
86,149,[0. 0. 1. 0.],[0. 0. 1. 0. 0.],[0. 0. 0. 0. 0. 1. 0. 0. 0. 0.],1.0,1.0,1.0000000000000002
87,152,[0.    0.778 0.    0.222],[0.    0.    0.778 0.    0.222],[0.    0.    0.    0.    0.778 0.    0.    0.    0.222 0.   ],0.7040000000000001,0.7500000000000001,0.888888888888889
88,153,[0.  0.  0.8 0.2],[0.  0.  0.8 0.  0.2],[0.  0.  0.  0.  0.  0.8 0.  0.  0.2 0. ],0.7333333333333334,0.7499999999999999,0.888888888888889
89,155,[0. 0. 0. 1.],[0. 0. 0. 0. 1.],[0. 0. 0. 0. 0. 0. 0. 0. 1. 0.],1.0,1.0,1.0000000000000002
90,156,[0.    0.    0.991 0.009],[0.    0.    0.991 0.    0.009],[0.    0.    0.    0.    0.    0.991 0.    0.    0.009 0.   ],0.9880000000000001,0.9887499999999999,0.9900000000000001
91,157,[0.    0.981 0.006 0.012],[0.    0.    0.987 0.    0.013],[0.    0.    0.    0.    0.981 0.006 0.    0.    0.013 0.   ],0.9753333333333334,0.9837499999999999,0.978888888888889
92,158,[0.003 0.082 0.894 0.021],[0.    0.003 0.976 0.    0.021],[0.    0.    0.003 0.    0.082 0.894 0.    0.    0.019 0.003],0.8586666666666667,0.97,0.8816666666666666
93,159,[0.001 0.005 0.815 0.178],[0.    0.001 0.82  0.    0.178],[0.    0.    0.001 0.    0.005 0.815 0.    0.    0.178 0.   ],0.754,0.7756249999999999,0.8816666666666667
94,160,[0.    0.499 0.365 0.136],[0.    0.    0.864 0.    0.136],[0.    0.    0.    0.    0.499 0.365 0.    0.    0.131 0.005],0.48533333333333334,0.83,0.7722222222222223
95,161,[0.11  0.046 0.498 0.346],[0.    0.11  0.545 0.    0.346],[0.    0.    0.11  0.    0.046 0.498 0.    0.    0.33  0.016],0.4586666666666667,0.6131249999999999,0.7088888888888889
96,162,[0.04  0.065 0.411 0.483],[0.    0.04  0.477 0.    0.483],[0.    0.    0.04  0.    0.065 0.411 0.    0.    0.449 0.034],0.526,0.6999999999999998,0.7338888888888888
97,163,[0.    0.019 0.487 0.494],[0.    0.    0.506 0.    0.494],[0.    0.    0.    0.    0.019 0.487 0.    0.    0.494 0.   ],0.6413333333333333,0.7499999999999999,0.8677777777777779
98,164,[0.    0.311 0.279 0.411],[0.    0.    0.589 0.    0.411],[0.    0.    0.    0.    0.311 0.279 0.    0.    0.411 0.   ],0.334,0.7499999999999998,0.7783333333333334
99,165,[0.    0.412 0.353 0.235],[0.    0.    0.765 0.    0.235],[0.    0.    0.    0.    0.412 0.353 0.    0.    0.235 0.   ],0.3533333333333333,0.7499999999999999,0.7777777777777778
100,166,[0.218 0.015 0.283 0.484],[0.    0.218 0.298 0.    0.484],[0.    0.    0.218 0.    0.015 0.283 0.    0.    0.484 0.   ],0.35600000000000004,0.5,0.7611111111111112
101,167,[0.074 0.111 0.301 0.514],[0.    0.074 0.412 0.    0.514],[0.    0.    0.074 0.    0.111 0.301 0.    0.    0.514 0.   ],0.42,0.6575,0.6955555555555557
102,168,[0.    0.037 0.574 0.389],[0.    0.    0.611 0.    0.389],[0.    0.    0.    0.    0.037 0.574 0.    0.    0.046 0.343],0.6173333333333333,0.7499999999999999,0.7966666666666667
103,169,[0.    0.143 0.571 0.286],[0.    0.    0.714 0.    0.286],[0.    0.    0.    0.    0.143 0.571 0.    0.    0.286 0.   ],0.476,0.7500000000000001,0.7777777777777777
104,170,[0.    0.885 0.    0.115],[0.    0.    0.885 0.    0.115],[0.    0.    0.    0.    0.885 0.    0.    0.    0.115 0.   ],0.8466666666666667,0.8562499999999998,0.8888888888888888
105,171,[0. 0. 1. 0.],[0. 0. 1. 0. 0.],[0. 0. 0. 0. 0. 1. 0. 0. 0. 0.],1.0,1.0,1.0000000000000002
106,172,[0. 0. 1. 0.],[0. 0. 1. 0. 0.],[0. 0. 0. 0. 0. 1. 0. 0. 0. 0.],1.0,1.0,1.0000000000000002
107,173,[0.    0.059 0.941 0.   ],[0. 0. 1. 0. 0.],[0.    0.    0.    0.    0.059 0.941 0.    0.    0.    0.   ],0.9213333333333332,1.0,0.9344444444444446
108,174,[0. 0. 0. 1.],[0. 0. 0. 0. 1.],[0. 0. 0. 0. 0. 0. 0. 0. 1. 0.],1.0,1.0,1.0000000000000002
109,175,[0.    0.    0.667 0.333],[0.    0.    0.667 0.    0.333],[0.    0.    0.    0.    0.    0.667 0.    0.    0.333 0.   ],0.6666666666666666,0.7499999999999999,0.888888888888889
110,178,[0.  0.  0.6 0.4],[0.  0.  0.6 0.  0.4],[0.  0.  0.  0.  0.  0.6 0.  0.  0.4 0. ],0.6666666666666666,0.7499999999999999,0.8888888888888891
111,179,[0.    0.032 0.613 0.355],[0.    0.    0.645 0.    0.355],[0.    0.    0.    0.    0.032 0.613 0.    0.    0.335 0.019],0.624,0.7499999999999999,0.8316666666666667
112,180,[0.    0.033 0.6   0.367],[0.    0.    0.633 0.    0.367],[0.    0.    0.    0.    0.033 0.6   0.    0.    0.367 0.   ],0.6226666666666666,0.7499999999999999,0.8522222222222221
113,181,[0.001 0.202 0.508 0.288],[0.    0.001 0.71  0.    0.288],[0.    0.    0.001 0.    0.202 0.508 0.    0.    0.257 0.031],0.3953333333333333,0.748125,0.7416666666666666
114,182,[0.001 0.258 0.528 0.213],[0.    0.001 0.786 0.    0.213],[0.    0.    0.001 0.    0.258 0.528 0.    0.    0.213 0.001],0.38133333333333336,0.7487499999999999,0.7761111111111111
115,183,[0.    0.112 0.716 0.172],[0.    0.    0.828 0.    0.172],[0.    0.    0.    0.    0.112 0.716 0.    0.    0.172 0.   ],0.6213333333333333,0.7849999999999999,0.7777777777777779
116,184,[0.001 0.003 0.786 0.209],[0.    0.001 0.79  0.    0.209],[0.    0.    0.001 0.    0.003 0.786 0.    0.    0.207 0.002],0.7153333333333333,0.7487499999999999,0.8816666666666667
117,185,[0.003 0.081 0.622 0.294],[0.    0.003 0.703 0.    0.294],[0.    0.    0.003 0.    0.081 0.622 0.    0.    0.294 0.   ],0.5546666666666668,0.74625,0.7955555555555556
118,186,[0.    0.128 0.254 0.618],[0.    0.    0.382 0.    0.618],[0.    0.    0.    0.    0.128 0.254 0.    0.    0.37  0.248],0.496,0.7499999999999999,0.6666666666666666
119,187,[0.047 0.002 0.514 0.436],[0.    0.047 0.516 0.    0.436],[0.    0.    0.047 0.    0.002 0.514 0.    0.    0.369 0.067],0.6006666666666667,0.6906249999999999,0.7594444444444444
120,188,[0.002 0.081 0.747 0.17 ],[0.    0.002 0.827 0.    0.17 ],[0.    0.    0.002 0.    0.081 0.747 0.    0.    0.132 0.038],0.6626666666666666,0.7843749999999999,0.7544444444444446
121,189,[0.002 0.018 0.812 0.168],[0.    0.002 0.83  0.    0.168],[0.    0.    0.002 0.    0.018 0.812 0.    0.    0.168 0.   ],0.7493333333333334,0.7875,0.8666666666666667
122,190,[0.    0.079 0.696 0.225],[0.    0.    0.775 0.    0.225],[0.    0.    0.    0.    0.079 0.696 0.    0.    0.22  0.004],0.5946666666666667,0.7499999999999999,0.7961111111111112
123,191,[0.009 0.068 0.601 0.322],[0.    0.009 0.669 0.    0.322],[0.    0.    0.009 0.    0.068 0.601 0.    0.    0.322 0.   ],0.5640000000000001,0.7387499999999999,0.8033333333333335
124,192,[0.184 0.125 0.401 0.289],[0.    0.184 0.527 0.    0.289],[0.    0.    0.184 0.    0.125 0.401 0.    0.    0.289 0.   ],0.254,0.52,0.6661111111111111
125,193,[0.    0.043 0.631 0.326],[0.    0.    0.674 0.    0.326],[0.    0.    0.    0.    0.043 0.631 0.    0.    0.326 0.   ],0.6093333333333334,0.7500000000000001,0.8411111111111113
126,194,[0.  0.5 0.5 0. ],[0. 0. 1. 0. 0.],[0.  0.  0.  0.  0.5 0.5 0.  0.  0.  0. ],0.6666666666666666,1.0,0.888888888888889
127,195,[0.167 0.167 0.167 0.5  ],[0.    0.167 0.333 0.    0.5  ],[0.    0.    0.167 0.    0.167 0.167 0.    0.    0.5   0.   ],0.33266666666666667,0.54125,0.6672222222222223
128,196,[0.    0.143 0.857 0.   ],[0. 0. 1. 0. 0.],[0.    0.    0.    0.    0.143 0.857 0.    0.    0.    0.   ],0.8093333333333333,1.0,0.888888888888889
129,198,[0.  0.1 0.8 0.1],[0.  0.  0.9 0.  0.1],[0.  0.  0.  0.  0.1 0.8 0.  0.  0.1 0. ],0.7333333333333334,0.875,0.7777777777777779
130,199,[0. 0. 1. 0.],[0. 0. 1. 0. 0.],[0. 0. 0. 0. 0. 1. 0. 0. 0. 0.],1.0,1.0,1.0000000000000002
131,200,[0.  0.  0.4 0.6],[0.  0.  0.4 0.  0.6],[0.  0.  0.  0.  0.  0.4 0.  0.  0.6 0. ],0.6666666666666666,0.7499999999999999,0.888888888888889
132,201,[0.  0.  0.8 0.2],[0.  0.  0.8 0.  0.2],[0.  0.  0.  0.  0.  0.8 0.  0.  0.2 0. ],0.7333333333333334,0.7499999999999999,0.888888888888889
133,202,[0.  0.  0.5 0.5],[0.  0.  0.5 0.  0.5],[0.  0.  0.  0.  0.  0.5 0.  0.  0.5 0. ],0.6666666666666666,0.7499999999999999,0.888888888888889
134,203,[0.    0.429 0.286 0.286],[0.    0.    0.714 0.    0.286],[0.    0.    0.    0.    0.429 0.286 0.    0.    0.286 0.   ],0.3339999999999999,0.7500000000000001,0.7783333333333332
135,204,[0.    0.043 0.913 0.043],[0.    0.    0.957 0.    0.043],[0.    0.    0.    0.    0.043 0.913 0.    0.    0.022 0.022],0.8846666666666668,0.9462499999999999,0.9033333333333335
136,205,[0.    0.    0.106 0.894],[0.    0.    0.106 0.    0.894],[0.    0.    0.    0.    0.    0.106 0.    0.    0.894 0.   ],0.8586666666666667,0.8674999999999999,0.888888888888889
137,206,[0.007 0.058 0.912 0.024],[0.    0.007 0.969 0.    0.024],[0.    0.    0.007 0.    0.058 0.912 0.    0.    0.024 0.   ],0.882,0.9612499999999998,0.9016666666666667
138,207,[0.001 0.198 0.681 0.121],[0.    0.001 0.879 0.    0.121],[0.    0.    0.001 0.    0.198 0.681 0.    0.    0.119 0.001],0.574,0.8481249999999999,0.7755555555555554
139,208,[0.    0.37  0.395 0.235],[0.    0.    0.765 0.    0.235],[0.    0.    0.    0.    0.37  0.395 0.    0.    0.235 0.   ],0.35333333333333333,0.7499999999999999,0.7777777777777778
140,209,[0.131 0.081 0.581 0.207],[0.    0.131 0.662 0.    0.207],[0.    0.    0.131 0.    0.081 0.581 0.    0.    0.203 0.003],0.44133333333333336,0.58625,0.6838888888888888
141,210,[0.013 0.156 0.532 0.299],[0.    0.013 0.688 0.    0.299],[0.    0.    0.013 0.    0.156 0.532 0.    0.    0.295 0.004],0.4413333333333333,0.7337499999999999,0.7588888888888891
142,211,[0.002 0.056 0.51  0.433],[0.    0.002 0.566 0.    0.433],[0.    0.    0.002 0.    0.056 0.51  0.    0.    0.43  0.003],0.59,0.748125,0.8216666666666667
143,212,[0.017 0.176 0.383 0.423],[0.    0.017 0.559 0.    0.423],[0.    0.    0.017 0.    0.176 0.383 0.    0.    0.42  0.003],0.4086666666666667,0.728125,0.755
144,213,[0.06  0.477 0.252 0.211],[0.    0.06  0.729 0.    0.211],[0.    0.    0.06  0.    0.477 0.252 0.    0.    0.21  0.   ],0.3053333333333333,0.6749999999999998,0.7105555555555557
145,214,[0.009 0.145 0.609 0.237],[0.    0.009 0.754 0.    0.237],[0.    0.    0.009 0.    0.145 0.609 0.    0.    0.236 0.001],0.47866666666666663,0.7387499999999999,0.7666666666666666
146,215,[0.003 0.282 0.399 0.317],[0.    0.003 0.68  0.    0.317],[0.    0.    0.003 0.    0.282 0.399 0.    0.    0.316 0.   ],0.33,0.74625,0.7744444444444445
147,216,[0.    0.098 0.472 0.43 ],[0.   0.   0.57 0.   0.43],[0.    0.    0.    0.    0.098 0.472 0.    0.    0.43  0.   ],0.536,0.7499999999999999,0.78
148,217,[0.001 0.213 0.584 0.201],[0.    0.001 0.798 0.    0.201],[0.    0.    0.001 0.    0.213 0.584 0.    0.    0.201 0.   ],0.446,0.7487499999999999,0.7761111111111111
149,218,[0.003 0.    0.519 0.478],[0.    0.003 0.519 0.    0.478],[0.    0.    0.003 0.    0.    0.519 0.    0.    0.478 0.   ],0.6626666666666666,0.74625,0.8855555555555557
150,219,[0.  0.  0.6 0.4],[0.  0.  0.6 0.  0.4],[0.  0.  0.  0.  0.  0.6 0.  0.  0.4 0. ],0.6666666666666666,0.7499999999999999,0.8888888888888891
151,220,[0.    0.2   0.714 0.086],[0.    0.    0.914 0.    0.086],[0.    0.    0.    0.    0.2   0.714 0.    0.    0.086 0.   ],0.6186666666666667,0.8925,0.7933333333333334
152,221,[0. 0. 1. 0.],[0. 0. 1. 0. 0.],[0. 0. 0. 0. 0. 1. 0. 0. 0. 0.],1.0,1.0,1.0000000000000002
153,223,[0. 0. 1. 0.],[0. 0. 1. 0. 0.],[0. 0. 0. 0. 0. 1. 0. 0. 0. 0.],1.0,1.0,1.0000000000000002
154,225,[0. 0. 0. 1.],[0. 0. 0. 0. 1.],[0. 0. 0. 0. 0. 0. 0. 0. 1. 0.],1.0,1.0,1.0000000000000002
155,226,[0.    0.021 0.927 0.051],[0.    0.    0.949 0.    0.051],[0.    0.    0.    0.    0.021 0.927 0.    0.    0.051 0.   ],0.9033333333333334,0.9362499999999999,0.9194444444444445
156,227,[0.    0.    0.083 0.917],[0.    0.    0.083 0.    0.917],[0.    0.    0.    0.    0.    0.083 0.    0.    0.917 0.   ],0.8893333333333334,0.8962500000000001,0.9077777777777779
157,228,[0.004 0.249 0.122 0.624],[0.    0.004 0.371 0.    0.624],[0.    0.    0.004 0.    0.249 0.122 0.    0.    0.624 0.   ],0.49933333333333335,0.7443749999999999,0.7727777777777778
158,229,[0.002 0.027 0.7   0.27 ],[0.    0.002 0.728 0.    0.27 ],[0.    0.    0.002 0.    0.027 0.7   0.    0.    0.242 0.029],0.6273333333333333,0.7475,0.8244444444444443
159,230,[0.    0.229 0.768 0.003],[0.    0.    0.997 0.    0.003],[0.    0.    0.    0.    0.229 0.768 0.    0.    0.003 0.   ],0.6906666666666667,0.99625,0.8855555555555557
160,231,[0.    0.026 0.082 0.892],[0.    0.    0.108 0.    0.892],[0.    0.    0.    0.    0.026 0.082 0.    0.    0.874 0.017],0.8559999999999999,0.8649999999999999,0.8605555555555556
161,232,[0.    0.021 0.461 0.517],[0.    0.    0.483 0.    0.517],[0.    0.    0.    0.    0.021 0.461 0.    0.    0.517 0.   ],0.638,0.7499999999999999,0.8650000000000001
162,233,[0.    0.005 0.184 0.81 ],[0.   0.   0.19 0.   0.81],[0.    0.    0.    0.    0.005 0.184 0.    0.    0.81  0.   ],0.7473333333333333,0.7625000000000001,0.8827777777777779
163,234,[0.    0.273 0.323 0.404],[0.    0.    0.596 0.    0.404],[0.    0.    0.    0.    0.273 0.323 0.    0.    0.403 0.001],0.3333333333333333,0.7499999999999999,0.7766666666666667
164,235,[0.013 0.147 0.59  0.249],[0.    0.013 0.738 0.    0.249],[0.    0.    0.013 0.    0.147 0.59  0.    0.    0.249 0.   ],0.45399999999999996,0.7337499999999999,0.7627777777777778
165,236,[0.014 0.146 0.511 0.329],[0.    0.014 0.657 0.    0.329],[0.    0.    0.014 0.    0.146 0.511 0.    0.    0.316 0.013],0.4533333333333333,0.7324999999999999,0.7477777777777778
166,237,[0.045 0.208 0.477 0.27 ],[0.    0.045 0.685 0.    0.27 ],[0.    0.    0.045 0.    0.208 0.477 0.    0.    0.242 0.028],0.3293333333333333,0.69375,0.6966666666666667
167,238,[0.056 0.536 0.319 0.089],[0.    0.056 0.855 0.    0.089],[0.    0.    0.056 0.    0.536 0.319 0.    0.    0.089 0.   ],0.4733333333333334,0.81875,0.7277777777777777
168,239,[0.003 0.332 0.447 0.218],[0.    0.003 0.779 0.    0.218],[0.    0.    0.003 0.    0.332 0.447 0.    0.    0.2   0.017],0.37200000000000005,0.74625,0.755
169,240,[0.002 0.037 0.777 0.184],[0.    0.002 0.814 0.    0.184],[0.    0.    0.002 0.    0.037 0.777 0.    0.    0.184 0.   ],0.7026666666666667,0.7675,0.8455555555555556
170,241,[0.08  0.002 0.814 0.104],[0.    0.08  0.816 0.    0.104],[0.    0.    0.08  0.    0.002 0.814 0.    0.    0.104 0.   ],0.7520000000000001,0.7699999999999999,0.7977777777777778
171,242,[0.002 0.048 0.656 0.294],[0.    0.002 0.703 0.    0.294],[0.    0.    0.002 0.    0.048 0.656 0.    0.    0.294 0.   ],0.6000000000000001,0.7468749999999998,0.8333333333333333
172,243,[0.006 0.338 0.305 0.351],[0.    0.006 0.643 0.    0.351],[0.    0.    0.006 0.    0.338 0.305 0.    0.    0.351 0.   ],0.3253333333333333,0.7424999999999999,0.7711111111111111
173,244,[0.    0.403 0.545 0.052],[0.    0.    0.948 0.    0.052],[0.    0.    0.    0.    0.403 0.545 0.    0.    0.052 0.   ],0.5973333333333334,0.9349999999999999,0.8311111111111114
174,245,[0.071 0.286 0.607 0.036],[0.    0.071 0.893 0.    0.036],[0.    0.    0.071 0.    0.286 0.607 0.    0.    0.036 0.   ],0.5239999999999999,0.8662499999999999,0.77
175,251,[0.  0.  0.6 0.4],[0.  0.  0.6 0.  0.4],[0.  0.  0.  0.  0.  0.6 0.  0.  0.4 0. ],0.6666666666666666,0.7499999999999999,0.8888888888888891
176,252,[0.   0.5  0.25 0.25],[0.   0.   0.75 0.   0.25],[0.   0.   0.   0.   0.5  0.25 0.   0.   0.25 0.  ],0.3333333333333333,0.7500000000000001,0.7777777777777777
177,253,[0.  0.1 0.1 0.8],[0.  0.  0.2 0.  0.8],[0.  0.  0.  0.  0.1 0.1 0.  0.  0.8 0. ],0.7333333333333334,0.7500000000000001,0.7777777777777779
178,254,[0.    0.012 0.864 0.124],[0.    0.    0.876 0.    0.124],[0.    0.    0.    0.    0.012 0.864 0.    0.    0.124 0.   ],0.8186666666666665,0.845,0.8755555555555555
179,255,[0.    0.4   0.533 0.067],[0.    0.    0.933 0.    0.067],[0.    0.    0.    0.    0.4   0.533 0.    0.    0.067 0.   ],0.5773333333333334,0.9162499999999999,0.8144444444444445
180,256,[0.    0.641 0.297 0.062],[0.    0.    0.937 0.    0.063],[0.    0.    0.    0.    0.641 0.297 0.    0.    0.063 0.   ],0.584,0.9212499999999999,0.8194444444444444
181,257,[0.003 0.189 0.758 0.051],[0.    0.003 0.947 0.    0.051],[0.    0.    0.003 0.    0.189 0.758 0.    0.    0.049 0.001],0.6766666666666667,0.9331249999999999,0.83
182,258,[0.    0.051 0.618 0.331],[0.    0.    0.669 0.    0.331],[0.    0.    0.    0.    0.051 0.618 0.    0.    0.33  0.001],0.5986666666666666,0.7499999999999999,0.8311111111111112
183,259,[0.    0.107 0.522 0.371],[0.    0.    0.629 0.    0.371],[0.    0.    0.    0.    0.107 0.522 0.    0.    0.371 0.   ],0.524,0.7499999999999999,0.7777777777777777
184,260,[0.006 0.03  0.678 0.286],[0.    0.006 0.708 0.    0.286],[0.    0.    0.006 0.    0.03  0.678 0.    0.    0.285 0.001],0.6186666666666666,0.7425,0.8477777777777777
185,261,[0.002 0.105 0.655 0.238],[0.    0.002 0.76  0.    0.238],[0.    0.    0.002 0.    0.105 0.655 0.    0.    0.237 0.001],0.54,0.7475,0.7744444444444444
186,262,[0.    0.214 0.351 0.435],[0.    0.    0.565 0.    0.435],[0.    0.    0.    0.    0.214 0.351 0.    0.    0.434 0.001],0.38133333333333336,0.7499999999999998,0.7766666666666666
187,263,[0.004 0.211 0.602 0.182],[0.    0.004 0.813 0.    0.182],[0.    0.    0.004 0.    0.211 0.602 0.    0.    0.182 0.   ],0.47000000000000003,0.7668749999999999,0.7727777777777779
188,264,[0.003 0.101 0.613 0.283],[0.    0.003 0.714 0.    0.283],[0.    0.    0.003 0.    0.101 0.613 0.    0.    0.282 0.   ],0.528,0.74625,0.7738888888888888
189,265,[0.001 0.029 0.725 0.244],[0.    0.001 0.754 0.    0.244],[0.    0.    0.001 0.    0.029 0.725 0.    0.    0.244 0.   ],0.634,0.748125,0.855
190,266,[0.001 0.053 0.644 0.302],[0.    0.001 0.697 0.    0.302],[0.    0.    0.001 0.    0.053 0.644 0.    0.    0.302 0.   ],0.5946666666666668,0.7487499999999999,0.828888888888889
191,267,[0.001 0.155 0.62  0.224],[0.    0.001 0.775 0.    0.224],[0.    0.    0.001 0.    0.155 0.62  0.    0.    0.224 0.   ],0.49333333333333335,0.7487499999999999,0.7766666666666667
192,268,[0.    0.098 0.846 0.057],[0.    0.    0.943 0.    0.057],[0.    0.    0.    0.    0.098 0.846 0.    0.    0.057 0.   ],0.794,0.9287499999999999,0.8283333333333333
193,269,[0.    0.02  0.683 0.297],[0.    0.    0.703 0.    0.297],[0.    0.    0.    0.    0.02  0.683 0.    0.    0.297 0.   ],0.64,0.7499999999999999,0.8666666666666667
194,270,[0.015 0.015 0.956 0.015],[0.    0.015 0.971 0.    0.015],[0.    0.    0.015 0.    0.015 0.956 0.    0.    0.015 0.   ],0.9406666666666667,0.9631249999999999,0.9505555555555556
195,271,[0.    0.333 0.    0.667],[0.    0.    0.333 0.    0.667],[0.    0.    0.    0.    0.333 0.    0.    0.    0.667 0.   ],0.6666666666666666,0.7500000000000001,0.888888888888889
196,278,[0. 0. 1. 0.],[0. 0. 1. 0. 0.],[0. 0. 0. 0. 0. 1. 0. 0. 0. 0.],1.0,1.0,1.0000000000000002
197,279,[0.    0.991 0.    0.009],[0.    0.    0.991 0.    0.009],[0.    0.    0.    0.    0.991 0.    0.    0.    0.009 0.   ],0.9880000000000001,0.9887499999999999,0.9900000000000001
198,280,[0.    0.319 0.2   0.481],[0.    0.    0.519 0.    0.481],[0.    0.    0.    0.    0.319 0.2   0.    0.    0.481 0.   ],0.39999999999999997,0.7499999999999999,0.7777777777777778
199,281,[0.    0.088 0.029 0.882],[0.    0.    0.118 0.    0.882],[0.    0.    0.    0.    0.088 0.029 0.    0.    0.882 0.   ],0.8433333333333334,0.8524999999999999,0.8694444444444445
200,282,[0.    0.005 0.845 0.151],[0.    0.    0.849 0.    0.151],[0.    0.    0.    0.    0.005 0.845 0.    0.    0.15  0.001],0.7926666666666665,0.8112499999999998,0.8827777777777778
201,283,[0.002 0.086 0.53  0.383],[0.    0.002 0.616 0.    0.383],[0.    0.    0.002 0.    0.086 0.53  0.    0.    0.38  0.002],0.55,0.748125,0.7888888888888891
202,284,[0.004 0.036 0.859 0.102],[0.    0.004 0.895 0.    0.102],[0.    0.    0.004 0.    0.036 0.859 0.    0.    0.099 0.002],0.8113333333333334,0.8681250000000001,0.8433333333333333
203,285,[0.001 0.082 0.635 0.282],[0.    0.001 0.717 0.    0.282],[0.    0.    0.001 0.    0.082 0.635 0.    0.    0.28  0.002],0.556,0.7487499999999999,0.7944444444444445
204,286,[0.355 0.065 0.33  0.25 ],[0.    0.355 0.395 0.    0.25 ],[0.    0.    0.355 0.    0.065 0.33  0.    0.    0.248 0.002],0.24666666666666667,0.5,0.7033333333333334
205,287,[0.053 0.305 0.532 0.11 ],[0.    0.053 0.837 0.    0.11 ],[0.    0.    0.053 0.    0.305 0.532 0.    0.    0.108 0.002],0.44933333333333336,0.79625,0.7166666666666667
206,288,[0.    0.065 0.403 0.532],[0.    0.    0.468 0.    0.532],[0.    0.    0.    0.    0.065 0.403 0.    0.    0.531 0.001],0.5800000000000001,0.7500000000000001,0.8155555555555556
207,289,[0.037 0.009 0.745 0.209],[0.    0.037 0.753 0.    0.209],[0.    0.    0.037 0.    0.009 0.745 0.    0.    0.209 0.   ],0.66,0.7031249999999998,0.8377777777777777
208,290,[0.004 0.082 0.446 0.469],[0.    0.004 0.527 0.    0.469],[0.    0.    0.004 0.    0.082 0.446 0.    0.    0.468 0.001],0.5526666666666666,0.7449999999999999,0.7927777777777778
209,291,[0.    0.014 0.857 0.129],[0.    0.    0.871 0.    0.129],[0.    0.    0.    0.    0.014 0.857 0.    0.    0.129 0.   ],0.8093333333333333,0.83875,0.8733333333333333
210,292,[0. 0. 1. 0.],[0. 0. 1. 0. 0.],[0. 0. 0. 0. 0. 1. 0. 0. 0. 0.],1.0,1.0,1.0000000000000002
211,293,[0. 0. 1. 0.],[0. 0. 1. 0. 0.],[0. 0. 0. 0. 0. 1. 0. 0. 0. 0.],1.0,1.0,1.0000000000000002
212,294,[0.    0.067 0.933 0.   ],[0. 0. 1. 0. 0.],[0.    0.    0.    0.    0.067 0.933 0.    0.    0.    0.   ],0.9106666666666667,1.0,0.9255555555555557
213,295,[0. 0. 1. 0.],[0. 0. 1. 0. 0.],[0. 0. 0. 0. 0. 1. 0. 0. 0. 0.],1.0,1.0,1.0000000000000002
214,296,[0.    0.    0.667 0.333],[0.    0.    0.667 0.    0.333],[0.    0.    0.    0.    0.    0.667 0.    0.    0.333 0.   ],0.6666666666666666,0.7499999999999999,0.888888888888889
215,301,[0. 0. 1. 0.],[0. 0. 1. 0. 0.],[0. 0. 0. 0. 0. 1. 0. 0. 0. 0.],1.0,1.0,1.0000000000000002
216,302,[0.    0.    0.286 0.714],[0.    0.    0.286 0.    0.714],[0.    0.    0.    0.    0.    0.286 0.    0.    0.714 0.   ],0.6666666666666666,0.7499999999999999,0.888888888888889
217,303,[0. 0. 1. 0.],[0. 0. 1. 0. 0.],[0. 0. 0. 0. 0. 1. 0. 0. 0. 0.],1.0,1.0,1.0000000000000002
218,304,[0.    0.01  0.971 0.019],[0.    0.    0.981 0.    0.019],[0.    0.    0.    0.    0.01  0.971 0.    0.    0.019 0.   ],0.9613333333333333,0.97625,0.9677777777777777
219,305,[0.    0.322 0.621 0.057],[0.    0.    0.943 0.    0.057],[0.    0.    0.    0.    0.322 0.621 0.    0.    0.057 0.   ],0.5906666666666668,0.9287499999999999,0.8255555555555555
220,306,[0.    0.004 0.562 0.434],[0.    0.    0.566 0.    0.434],[0.    0.    0.    0.    0.004 0.562 0.    0.    0.434 0.   ],0.6613333333333333,0.7499999999999999,0.8844444444444445
221,307,[0.002 0.016 0.901 0.081],[0.    0.002 0.917 0.    0.081],[0.    0.    0.002 0.    0.016 0.901 0.    0.    0.08  0.002],0.868,0.8962500000000001,0.8894444444444445
222,308,[0.072 0.107 0.491 0.33 ],[0.    0.072 0.598 0.    0.33 ],[0.    0.    0.072 0.    0.107 0.491 0.    0.    0.328 0.002],0.4280000000000001,0.66,0.6955555555555557
223,309,[0.057 0.033 0.564 0.346],[0.    0.057 0.597 0.    0.346],[0.    0.    0.057 0.    0.033 0.564 0.    0.    0.346 0.   ],0.5466666666666666,0.6787499999999999,0.7888888888888889
224,310,[0.201 0.129 0.316 0.354],[0.    0.201 0.445 0.    0.354],[0.    0.    0.201 0.    0.129 0.316 0.    0.    0.347 0.007],0.22666666666666666,0.5,0.6588888888888889
225,311,[0.    0.353 0.458 0.188],[0.    0.    0.812 0.    0.188],[0.    0.    0.    0.    0.353 0.458 0.    0.    0.186 0.002],0.41533333333333333,0.7649999999999999,0.775
226,312,[0.007 0.395 0.275 0.323],[0.    0.007 0.67  0.    0.323],[0.    0.    0.007 0.    0.395 0.275 0.    0.    0.32  0.003],0.324,0.74125,0.7666666666666667
227,313,[0.002 0.051 0.305 0.642],[0.    0.002 0.356 0.    0.642],[0.    0.    0.002 0.    0.051 0.305 0.    0.    0.556 0.085],0.596,0.7474999999999999,0.7350000000000001
228,314,[0.016 0.032 0.815 0.138],[0.    0.016 0.846 0.    0.138],[0.    0.    0.016 0.    0.032 0.815 0.    0.    0.138 0.   ],0.7526666666666667,0.8074999999999999,0.8361111111111111
229,315,[0.102 0.01  0.453 0.435],[0.    0.102 0.463 0.    0.435],[0.    0.    0.102 0.    0.01  0.453 0.    0.    0.434 0.001],0.5173333333333333,0.6225,0.7655555555555554
230,316,[0.014 0.084 0.637 0.265],[0.    0.014 0.722 0.    0.265],[0.    0.    0.014 0.    0.084 0.637 0.    0.    0.263 0.002],0.5359999999999999,0.733125,0.7777777777777779
231,317,[0.    0.068 0.656 0.276],[0.    0.    0.724 0.    0.276],[0.    0.    0.    0.    0.068 0.656 0.    0.    0.276 0.   ],0.5760000000000001,0.7500000000000001,0.8133333333333335
232,318,[0.02  0.039 0.686 0.255],[0.    0.02  0.725 0.    0.255],[0.    0.    0.02  0.    0.039 0.686 0.    0.    0.235 0.02 ],0.588,0.7249999999999999,0.8011111111111113
233,319,[0.    0.241 0.262 0.497],[0.    0.    0.503 0.    0.497],[0.    0.    0.    0.    0.241 0.262 0.    0.    0.497 0.   ],0.3453333333333333,0.7499999999999999,0.7777777777777778
234,320,[0.    0.091 0.091 0.818],[0.    0.    0.182 0.    0.818],[0.    0.    0.    0.    0.091 0.091 0.    0.    0.727 0.091],0.7573333333333334,0.7725,0.6966666666666667
235,321,[0.   0.   0.25 0.75],[0.   0.   0.25 0.   0.75],[0.   0.   0.   0.   0.   0.25 0.   0.   0.75 0.  ],0.6666666666666666,0.7500000000000001,0.888888888888889
236,322,[0.    0.053 0.789 0.158],[0.    0.    0.842 0.    0.158],[0.    0.    0.    0.    0.053 0.789 0.    0.    0.158 0.   ],0.7186666666666667,0.8024999999999999,0.8300000000000002
237,323,[0. 0. 1. 0.],[0. 0. 1. 0. 0.],[0. 0. 0. 0. 0. 1. 0. 0. 0. 0.],1.0,1.0,1.0000000000000002
238,326,[0. 0. 1. 0.],[0. 0. 1. 0. 0.],[0. 0. 0. 0. 0. 1. 0. 0. 0. 0.],1.0,1.0,1.0000000000000002
239,327,[0.    0.    0.865 0.135],[0.    0.    0.865 0.    0.135],[0.    0.    0.    0.    0.    0.865 0.    0.    0.135 0.   ],0.82,0.8312499999999998,0.8888888888888888
240,328,[0.  0.1 0.8 0.1],[0.  0.  0.9 0.  0.1],[0.  0.  0.  0.  0.1 0.8 0.  0.  0.1 0. ],0.7333333333333334,0.875,0.7777777777777779
241,329,[0.    0.005 0.409 0.586],[0.    0.    0.414 0.    0.586],[0.    0.    0.    0.    0.005 0.409 0.    0.    0.586 0.   ],0.6599999999999999,0.7499999999999999,0.8833333333333333
242,330,[0.006 0.009 0.894 0.091],[0.    0.006 0.903 0.    0.091],[0.    0.    0.006 0.    0.009 0.894 0.    0.    0.083 0.009],0.8586666666666667,0.8787499999999999,0.8816666666666666
243,331,[0.    0.667 0.083 0.25 ],[0.   0.   0.75 0.   0.25],[0.    0.    0.    0.    0.667 0.083 0.    0.    0.125 0.125],0.556,0.7500000000000001,0.6855555555555556
244,332,[0.029 0.145 0.509 0.317],[0.    0.029 0.655 0.    0.317],[0.    0.    0.029 0.    0.145 0.509 0.    0.    0.317 0.   ],0.4346666666666666,0.714375,0.7455555555555556
245,333,[0.014 0.164 0.425 0.398],[0.    0.014 0.588 0.    0.398],[0.    0.    0.014 0.    0.164 0.425 0.    0.    0.397 0.001],0.43,0.7324999999999999,0.7616666666666666
246,334,[0.151 0.01  0.519 0.32 ],[0.    0.151 0.529 0.    0.32 ],[0.    0.    0.151 0.    0.01  0.519 0.    0.    0.32  0.   ],0.45199999999999996,0.56125,0.7666666666666667
247,335,[0.01  0.104 0.527 0.359],[0.    0.01  0.631 0.    0.359],[0.    0.    0.01  0.    0.104 0.527 0.    0.    0.185 0.174],0.5146666666666667,0.7374999999999999,0.6555555555555556
248,336,[0.018 0.094 0.4   0.488],[0.    0.018 0.494 0.    0.488],[0.    0.    0.018 0.    0.094 0.4   0.    0.    0.485 0.004],0.5173333333333333,0.7274999999999999,0.7605555555555557
249,337,[0.001 0.019 0.599 0.38 ],[0.    0.001 0.619 0.    0.38 ],[0.    0.    0.001 0.    0.019 0.599 0.    0.    0.379 0.001],0.6393333333333333,0.7487499999999999,0.8650000000000001
250,338,[0.022 0.018 0.575 0.386],[0.    0.022 0.593 0.    0.386],[0.    0.    0.022 0.    0.018 0.575 0.    0.    0.384 0.002],0.614,0.7231249999999998,0.8427777777777777
251,339,[0.    0.147 0.607 0.246],[0.    0.    0.754 0.    0.246],[0.    0.    0.    0.    0.147 0.607 0.    0.    0.244 0.002],0.476,0.7500000000000001,0.7755555555555554
252,340,[0.001 0.092 0.464 0.442],[0.    0.001 0.556 0.    0.442],[0.    0.    0.001 0.    0.092 0.464 0.    0.    0.441 0.001],0.5419999999999999,0.748125,0.7838888888888889
253,341,[0.    0.695 0.27  0.035],[0.    0.    0.965 0.    0.035],[0.    0.    0.    0.    0.695 0.27  0.    0.    0.035 0.   ],0.62,0.9562499999999999,0.8500000000000001
254,342,[0.001 0.122 0.79  0.087],[0.    0.001 0.912 0.    0.087],[0.    0.    0.001 0.    0.122 0.79  0.    0.    0.086 0.001],0.7200000000000001,0.8899999999999999,0.7911111111111112
255,343,[0. 0. 1. 0.],[0. 0. 1. 0. 0.],[0. 0. 0. 0. 0. 1. 0. 0. 0. 0.],1.0,1.0,1.0000000000000002
256,344,[0.    0.551 0.163 0.286],[0.    0.    0.714 0.    0.286],[0.    0.    0.    0.    0.551 0.163 0.    0.    0.286 0.   ],0.4493333333333333,0.7500000000000001,0.7777777777777777
257,345,[0. 0. 1. 0.],[0. 0. 1. 0. 0.],[0. 0. 0. 0. 0. 1. 0. 0. 0. 0.],1.0,1.0,1.0000000000000002
258,347,[0. 1. 0. 0.],[0. 0. 1. 0. 0.],[0. 0. 0. 0. 1. 0. 0. 0. 0. 0.],1.0,1.0,1.0000000000000002
259,348,[0.  0.5 0.  0.5],[0.  0.  0.5 0.  0.5],[0.  0.  0.  0.  0.5 0.  0.  0.  0.5 0. ],0.6666666666666666,0.7499999999999999,0.888888888888889
260,353,[0. 0. 1. 0.],[0. 0. 1. 0. 0.],[0. 0. 0. 0. 0. 1. 0. 0. 0. 0.],1.0,1.0,1.0000000000000002
261,354,[0.02  0.    0.959 0.02 ],[0.    0.02  0.959 0.    0.02 ],[0.    0.    0.02  0.    0.    0.959 0.    0.    0.01  0.01 ],0.9460000000000001,0.9493749999999997,0.9550000000000002
262,355,[0.226 0.003 0.235 0.536],[0.    0.226 0.238 0.    0.536],[0.    0.    0.226 0.    0.003 0.235 0.    0.    0.536 0.   ],0.38133333333333336,0.5,0.7744444444444445
263,356,[0.006 0.    0.624 0.37 ],[0.    0.006 0.624 0.    0.37 ],[0.    0.    0.006 0.    0.    0.624 0.    0.    0.37  0.   ],0.6586666666666666,0.7424999999999999,0.8822222222222222
264,357,[0.001 0.001 0.897 0.101],[0.    0.001 0.898 0.    0.101],[0.    0.    0.001 0.    0.001 0.897 0.    0.    0.1   0.001],0.8626666666666667,0.8724999999999999,0.8855555555555555
265,358,[0.    0.007 0.47  0.523],[0.    0.    0.477 0.    0.523],[0.    0.    0.    0.    0.007 0.47  0.    0.    0.452 0.071],0.6573333333333333,0.7499999999999999,0.8022222222222222
266,359,[0.057 0.116 0.458 0.369],[0.    0.057 0.574 0.    0.369],[0.    0.    0.057 0.    0.116 0.458 0.    0.    0.342 0.027],0.436,0.67875,0.6844444444444444
267,360,[0.086 0.127 0.602 0.185],[0.    0.086 0.728 0.    0.185],[0.    0.    0.086 0.    0.127 0.602 0.    0.    0.166 0.02 ],0.4693333333333333,0.6606249999999999,0.6605555555555557
268,361,[0.008 0.089 0.595 0.307],[0.    0.008 0.684 0.    0.307],[0.    0.    0.008 0.    0.089 0.595 0.    0.    0.277 0.03 ],0.5366666666666666,0.739375,0.7472222222222222
269,362,[0.003 0.18  0.38  0.438],[0.    0.003 0.56  0.    0.438],[0.    0.    0.003 0.    0.18  0.38  0.    0.    0.385 0.053],0.42333333333333334,0.746875,0.716111111111111
270,363,[0.024 0.007 0.485 0.485],[0.    0.024 0.491 0.    0.485],[0.    0.    0.024 0.    0.007 0.485 0.    0.    0.485 0.   ],0.626,0.7199999999999999,0.855
271,364,[0.054 0.189 0.549 0.208],[0.    0.054 0.738 0.    0.208],[0.    0.    0.054 0.    0.189 0.549 0.    0.    0.208 0.   ],0.3986666666666667,0.6825,0.717777777777778
272,365,[0.018 0.142 0.447 0.393],[0.    0.018 0.589 0.    0.393],[0.    0.    0.018 0.    0.142 0.447 0.    0.    0.387 0.005],0.45333333333333337,0.7274999999999999,0.7516666666666666
273,366,[0.001 0.196 0.72  0.083],[0.    0.001 0.916 0.    0.083],[0.    0.    0.001 0.    0.196 0.72  0.    0.    0.025 0.058],0.6266666666666666,0.8949999999999999,0.7955555555555555
274,367,[0.    0.    0.935 0.065],[0.    0.    0.935 0.    0.065],[0.    0.    0.    0.    0.    0.935 0.    0.    0.065 0.   ],0.9133333333333334,0.9187500000000001,0.9277777777777778
275,368,[0. 0. 1. 0.],[0. 0. 1. 0. 0.],[0. 0. 0. 0. 0. 1. 0. 0. 0. 0.],1.0,1.0,1.0000000000000002
276,370,[0. 0. 1. 0.],[0. 0. 1. 0. 0.],[0. 0. 0. 0. 0. 1. 0. 0. 0. 0.],1.0,1.0,1.0000000000000002
277,371,[0.    0.333 0.667 0.   ],[0. 0. 1. 0. 0.],[0.    0.    0.    0.    0.333 0.667 0.    0.    0.    0.   ],0.6666666666666666,1.0,0.888888888888889
278,378,[0.351 0.    0.243 0.405],[0.    0.351 0.243 0.    0.405],[0.    0.    0.351 0.    0.    0.243 0.    0.    0.405 0.   ],0.342,0.49937499999999996,0.7772222222222223
279,379,[0.346 0.385 0.088 0.181],[0.    0.346 0.473 0.    0.181],[0.    0.    0.346 0.    0.385 0.088 0.    0.    0.181 0.   ],0.308,0.5237499999999999,0.68
280,380,[0.001 0.071 0.527 0.401],[0.    0.001 0.598 0.    0.401],[0.    0.    0.001 0.    0.071 0.527 0.    0.    0.361 0.04 ],0.5706666666666668,0.7487499999999999,0.7644444444444446
281,381,[0.038 0.038 0.5   0.423],[0.    0.038 0.538 0.    0.423],[0.    0.    0.038 0.    0.038 0.5   0.    0.    0.423 0.   ],0.5646666666666667,0.7018749999999998,0.8038888888888889
282,382,[0.    0.    0.828 0.172],[0.    0.    0.828 0.    0.172],[0.    0.    0.    0.    0.    0.828 0.    0.    0.166 0.006],0.7706666666666666,0.7849999999999999,0.8822222222222222
283,383,[0.008 0.016 0.823 0.153],[0.    0.008 0.839 0.    0.153],[0.    0.    0.008 0.    0.016 0.823 0.    0.    0.116 0.036],0.7639999999999999,0.79875,0.8216666666666667
284,384,[0.004 0.026 0.581 0.389],[0.    0.004 0.607 0.    0.389],[0.    0.    0.004 0.    0.026 0.581 0.    0.    0.092 0.297],0.6266666666666666,0.7449999999999999,0.7533333333333332
285,385,[0.001 0.219 0.423 0.358],[0.    0.001 0.641 0.    0.358],[0.    0.    0.001 0.    0.219 0.423 0.    0.    0.351 0.006],0.37399999999999994,0.7487499999999999,0.7699999999999999
286,386,[0.001 0.074 0.379 0.546],[0.    0.001 0.453 0.    0.546],[0.    0.    0.001 0.    0.074 0.379 0.    0.    0.421 0.125],0.5666666666666668,0.74875,0.6944444444444444
287,387,[0.    0.018 0.7   0.282],[0.    0.    0.718 0.    0.282],[0.    0.    0.    0.    0.018 0.7   0.    0.    0.271 0.011],0.6426666666666666,0.7500000000000001,0.8566666666666667
288,388,[0.    0.223 0.387 0.389],[0.    0.    0.611 0.    0.389],[0.    0.    0.    0.    0.223 0.387 0.    0.    0.389 0.   ],0.3686666666666667,0.7499999999999999,0.7772222222222225
289,389,[0.053 0.343 0.202 0.402],[0.    0.053 0.545 0.    0.402],[0.    0.    0.053 0.    0.343 0.202 0.    0.    0.393 0.009],0.3266666666666667,0.68375,0.7088888888888889
290,390,[0.08  0.096 0.474 0.35 ],[0.   0.08 0.57 0.   0.35],[0.    0.    0.08  0.    0.096 0.474 0.    0.    0.322 0.028],0.43199999999999994,0.6499999999999998,0.6622222222222223
291,391,[0.    0.019 0.448 0.533],[0.    0.    0.467 0.    0.533],[0.    0.    0.    0.    0.019 0.448 0.    0.    0.502 0.032],0.6413333333333334,0.7499999999999999,0.8327777777777778
292,392,[0.    0.007 0.655 0.338],[0.    0.    0.662 0.    0.338],[0.    0.    0.    0.    0.007 0.655 0.    0.    0.338 0.   ],0.6573333333333333,0.7500000000000001,0.8811111111111113
293,393,[0.    0.    0.167 0.833],[0.    0.    0.167 0.    0.833],[0.    0.    0.    0.    0.    0.167 0.    0.    0.833 0.   ],0.7773333333333333,0.79125,0.888888888888889
294,395,[0. 0. 0. 1.],[0. 0. 0. 0. 1.],[0. 0. 0. 0. 0. 0. 0. 0. 1. 0.],1.0,1.0,1.0000000000000002
295,397,[0. 0. 0. 1.],[0. 0. 0. 0. 1.],[0. 0. 0. 0. 0. 0. 0. 0. 1. 0.],1.0,1.0,1.0000000000000002
296,402,[0. 0. 1. 0.],[0. 0. 1. 0. 0.],[0. 0. 0. 0. 0. 1. 0. 0. 0. 0.],1.0,1.0,1.0000000000000002
297,403,[0.    0.    0.723 0.277],[0.    0.    0.723 0.    0.277],[0.    0.    0.    0.    0.    0.723 0.    0.    0.277 0.   ],0.6666666666666666,0.7499999999999999,0.888888888888889
298,404,[0.    0.016 0.847 0.137],[0.    0.    0.863 0.    0.137],[0.    0.    0.    0.    0.016 0.847 0.    0.    0.137 0.   ],0.7959999999999999,0.82875,0.8711111111111112
299,405,[0.005 0.003 0.808 0.184],[0.    0.005 0.81  0.    0.184],[0.    0.    0.005 0.    0.003 0.808 0.    0.    0.183 0.001],0.7440000000000001,0.763125,0.8788888888888889
300,406,[0.376 0.    0.612 0.012],[0.    0.376 0.612 0.    0.012],[0.    0.    0.376 0.    0.    0.612 0.    0.    0.012 0.   ],0.6506666666666666,0.7349999999999999,0.8755555555555556
301,407,[0.    0.    0.873 0.127],[0.    0.    0.873 0.    0.127],[0.    0.    0.    0.    0.    0.873 0.    0.    0.127 0.   ],0.8306666666666667,0.8412499999999998,0.8888888888888888
302,408,[0.    0.175 0.573 0.251],[0.    0.    0.749 0.    0.251],[0.    0.    0.    0.    0.175 0.573 0.    0.    0.249 0.003],0.4326666666666666,0.7499999999999999,0.7744444444444445
303,409,[0.    0.559 0.424 0.016],[0.    0.    0.984 0.    0.016],[0.    0.    0.    0.    0.559 0.424 0.    0.    0.012 0.004],0.6446666666666667,0.98,0.8705555555555556
304,410,[0.034 0.16  0.77  0.036],[0.    0.034 0.93  0.    0.036],[0.    0.    0.034 0.    0.16  0.77  0.    0.    0.034 0.001],0.6933333333333334,0.9125,0.8116666666666665
305,411,[0.002 0.143 0.606 0.25 ],[0.    0.002 0.749 0.    0.25 ],[0.    0.    0.002 0.    0.143 0.606 0.    0.    0.22  0.03 ],0.474,0.748125,0.7427777777777778
306,412,[0.002 0.007 0.579 0.412],[0.    0.002 0.587 0.    0.412],[0.    0.    0.002 0.    0.007 0.579 0.    0.    0.406 0.005],0.6546666666666666,0.7481249999999998,0.8727777777777778
307,413,[0.    0.033 0.519 0.448],[0.    0.    0.552 0.    0.448],[0.    0.    0.    0.    0.033 0.519 0.    0.    0.439 0.01 ],0.6226666666666666,0.7499999999999999,0.8416666666666667
308,414,[0.    0.    0.561 0.439],[0.    0.    0.561 0.    0.439],[0.    0.    0.    0.    0.    0.561 0.    0.    0.436 0.004],0.6666666666666666,0.7500000000000001,0.885
309,415,[0.    0.005 0.89  0.105],[0.    0.    0.895 0.    0.105],[0.    0.    0.    0.    0.005 0.89  0.    0.    0.103 0.002],0.8533333333333334,0.86875,0.881111111111111
310,416,[0.    0.004 0.83  0.165],[0.    0.    0.835 0.    0.165],[0.    0.    0.    0.    0.004 0.83  0.    0.    0.163 0.002],0.774,0.79375,0.8816666666666667
311,417,[0.    0.    0.417 0.583],[0.    0.    0.417 0.    0.583],[0.    0.    0.    0.    0.    0.417 0.    0.    0.583 0.   ],0.6666666666666666,0.7499999999999999,0.888888888888889
312,418,[1. 0. 0. 0.],[0. 1. 0. 0. 0.],[0. 0. 1. 0. 0. 0. 0. 0. 0. 0.],1.0,0.9999999999999999,1.0000000000000002
313,420,[0. 0. 0. 1.],[0. 0. 0. 0. 1.],[0. 0. 0. 0. 0. 0. 0. 0. 1. 0.],1.0,1.0,1.0000000000000002
314,427,[0.    0.016 0.984 0.   ],[0. 0. 1. 0. 0.],[0.    0.    0.    0.    0.016 0.984 0.    0.    0.    0.   ],0.9786666666666667,1.0,0.9822222222222223
315,428,[0.    0.    0.976 0.024],[0.    0.    0.976 0.    0.024],[0.    0.    0.    0.    0.    0.976 0.    0.    0.024 0.   ],0.968,0.97,0.9733333333333334
316,429,[0.01  0.    0.925 0.065],[0.    0.01  0.925 0.    0.065],[0.    0.    0.01  0.    0.    0.925 0.    0.    0.065 0.   ],0.9,0.9062500000000001,0.9166666666666667
317,430,[0.022 0.269 0.681 0.027],[0.    0.022 0.951 0.    0.027],[0.    0.    0.022 0.    0.269 0.681 0.    0.    0.027 0.   ],0.6006666666666667,0.93875,0.833888888888889
318,431,[0.036 0.051 0.91  0.003],[0.    0.036 0.961 0.    0.003],[0.    0.    0.036 0.    0.051 0.91  0.    0.    0.003 0.   ],0.8799999999999999,0.9512499999999999,0.9
319,432,[0.    0.128 0.872 0.   ],[0. 0. 1. 0. 0.],[0.    0.    0.    0.    0.128 0.872 0.    0.    0.    0.   ],0.8293333333333334,1.0,0.888888888888889
320,433,[0.011 0.098 0.687 0.204],[0.    0.011 0.786 0.    0.204],[0.    0.    0.011 0.    0.098 0.687 0.    0.    0.168 0.035],0.5826666666666668,0.736875,0.7283333333333334
321,434,[0.    0.006 0.433 0.561],[0.    0.    0.439 0.    0.561],[0.    0.    0.    0.    0.006 0.433 0.    0.    0.    0.561],0.6586666666666667,0.7499999999999999,0.8822222222222224
322,435,[0.    0.256 0.729 0.015],[0.    0.    0.985 0.    0.015],[0.    0.    0.    0.    0.256 0.729 0.    0.    0.013 0.003],0.6466666666666666,0.98125,0.8716666666666667
323,436,[0.001 0.136 0.611 0.252],[0.    0.001 0.747 0.    0.252],[0.    0.    0.001 0.    0.136 0.611 0.    0.    0.248 0.004],0.484,0.7487499999999999,0.7722222222222223
324,437,[0.    0.184 0.755 0.061],[0.    0.    0.939 0.    0.061],[0.    0.    0.    0.    0.184 0.755 0.    0.    0.061 0.   ],0.6733333333333333,0.9237499999999998,0.8211111111111111
325,438,[0.    0.029 0.665 0.305],[0.    0.    0.695 0.    0.305],[0.    0.    0.    0.    0.029 0.665 0.    0.    0.305 0.   ],0.6273333333333334,0.7499999999999999,0.8561111111111113
326,439,[0.    0.302 0.698 0.   ],[0. 0. 1. 0. 0.],[0.    0.    0.    0.    0.302 0.698 0.    0.    0.    0.   ],0.6666666666666666,1.0,0.888888888888889
327,440,[0.    0.    0.667 0.333],[0.    0.    0.667 0.    0.333],[0.    0.    0.    0.    0.    0.667 0.    0.    0.333 0.   ],0.6666666666666666,0.7499999999999999,0.888888888888889
328,441,[0.    0.057 0.887 0.057],[0.    0.    0.943 0.    0.057],[0.    0.    0.    0.    0.057 0.887 0.    0.    0.057 0.   ],0.8486666666666668,0.9287499999999999,0.8738888888888889
329,442,[0.007 0.475 0.022 0.496],[0.    0.007 0.496 0.    0.496],[0.    0.    0.007 0.    0.475 0.022 0.    0.    0.496 0.   ],0.628,0.740625,0.8566666666666668
330,443,[0.  0.  0.2 0.8],[0.  0.  0.2 0.  0.8],[0.  0.  0.  0.  0.  0.2 0.  0.  0.6 0.2],0.7333333333333334,0.7500000000000001,0.7777777777777778
331,444,[0. 0. 1. 0.],[0. 0. 1. 0. 0.],[0. 0. 0. 0. 0. 1. 0. 0. 0. 0.],1.0,1.0,1.0000000000000002
332,445,[0.  0.  0.5 0.5],[0.  0.  0.5 0.  0.5],[0.  0.  0.  0.  0.  0.5 0.  0.  0.5 0. ],0.6666666666666666,0.7499999999999999,0.888888888888889
333,446,[0.  0.  0.5 0.5],[0.  0.  0.5 0.  0.5],[0.  0.  0.  0.  0.  0.5 0.  0.  0.5 0. ],0.6666666666666666,0.7499999999999999,0.888888888888889
334,448,[0. 0. 0. 1.],[0. 0. 0. 0. 1.],[0. 0. 0. 0. 0. 0. 0. 0. 1. 0.],1.0,1.0,1.0000000000000002
335,452,[0.  0.  0.9 0.1],[0.  0.  0.9 0.  0.1],[0.  0.  0.  0.  0.  0.9 0.  0.  0.1 0. ],0.8666666666666666,0.875,0.888888888888889
336,453,[0.    0.    0.875 0.125],[0.    0.    0.875 0.    0.125],[0.    0.    0.    0.    0.    0.875 0.    0.    0.125 0.   ],0.8333333333333334,0.84375,0.888888888888889
337,454,[0.    0.001 0.662 0.337],[0.    0.    0.663 0.    0.337],[0.    0.    0.    0.    0.001 0.662 0.    0.    0.283 0.053],0.6653333333333333,0.7499999999999999,0.8283333333333334
338,455,[0.    0.085 0.882 0.033],[0.    0.    0.967 0.    0.033],[0.    0.    0.    0.    0.085 0.882 0.    0.    0.026 0.007],0.8426666666666667,0.9587499999999999,0.868888888888889
339,456,[0.017 0.013 0.476 0.493],[0.    0.017 0.489 0.    0.493],[0.    0.    0.017 0.    0.013 0.476 0.    0.    0.493 0.   ],0.626,0.7281249999999998,0.8550000000000001
340,457,[0.    0.    0.886 0.114],[0.    0.    0.886 0.    0.114],[0.    0.    0.    0.    0.    0.886 0.    0.    0.114 0.   ],0.8480000000000002,0.8574999999999999,0.8888888888888891
341,458,[0.136 0.129 0.327 0.407],[0.    0.136 0.456 0.    0.407],[0.    0.    0.136 0.    0.129 0.327 0.    0.    0.155 0.252],0.31266666666666665,0.579375,0.5549999999999999
342,459,[0.117 0.272 0.61  0.   ],[0.    0.117 0.883 0.    0.   ],[0.    0.    0.117 0.    0.272 0.61  0.    0.    0.    0.   ],0.51,0.85375,0.7772222222222224
343,460,[0.    0.106 0.796 0.098],[0.    0.    0.902 0.    0.098],[0.    0.    0.    0.    0.106 0.796 0.    0.    0.095 0.002],0.7280000000000001,0.8775,0.7805555555555556
344,461,[0.    0.425 0.396 0.179],[0.    0.    0.821 0.    0.179],[0.    0.    0.    0.    0.425 0.396 0.    0.    0.178 0.001],0.42799999999999994,0.77625,0.7766666666666667
345,462,[0.    0.188 0.804 0.008],[0.    0.    0.992 0.    0.008],[0.    0.    0.    0.    0.188 0.804 0.    0.    0.008 0.   ],0.7386666666666667,0.99,0.88
346,463,[0.    0.067 0.266 0.667],[0.    0.    0.333 0.    0.667],[0.    0.    0.    0.    0.067 0.266 0.    0.    0.58  0.087],0.5773333333333334,0.7500000000000001,0.7177777777777776
347,464,[0.314 0.584 0.022 0.08 ],[0.    0.314 0.606 0.    0.08 ],[0.    0.    0.314 0.    0.584 0.022 0.    0.    0.015 0.066],0.5306666666666667,0.65,0.775
348,466,[0.    0.003 0.538 0.459],[0.    0.    0.541 0.    0.459],[0.    0.    0.    0.    0.003 0.538 0.    0.    0.459 0.   ],0.6626666666666666,0.7500000000000001,0.8855555555555557
349,467,[0.    0.    0.266 0.734],[0.    0.    0.266 0.    0.734],[0.    0.    0.    0.    0.    0.266 0.    0.    0.017 0.717],0.6666666666666666,0.7500000000000001,0.87
350,468,[0. 0. 1. 0.],[0. 0. 1. 0. 0.],[0. 0. 0. 0. 0. 1. 0. 0. 0. 0.],1.0,1.0,1.0000000000000002
351,469,[0.    0.048 0.095 0.857],[0.    0.    0.143 0.    0.857],[0.    0.    0.    0.    0.048 0.095 0.    0.    0.857 0.   ],0.8093333333333333,0.82125,0.8411111111111113
352,470,[0.  0.  0.5 0.5],[0.  0.  0.5 0.  0.5],[0.  0.  0.  0.  0.  0.5 0.  0.  0.5 0. ],0.6666666666666666,0.7499999999999999,0.888888888888889
353,471,[0.    0.111 0.778 0.111],[0.    0.    0.889 0.    0.111],[0.    0.    0.    0.    0.111 0.778 0.    0.    0.111 0.   ],0.7040000000000001,0.8612499999999998,0.7777777777777778
354,472,[0. 0. 0. 1.],[0. 0. 0. 0. 1.],[0. 0. 0. 0. 0. 0. 0. 0. 1. 0.],1.0,1.0,1.0000000000000002
355,473,[0. 0. 1. 0.],[0. 0. 1. 0. 0.],[0. 0. 0. 0. 0. 1. 0. 0. 0. 0.],1.0,1.0,1.0000000000000002
356,478,[0.    0.    0.005 0.995],[0.    0.    0.005 0.    0.995],[0.    0.    0.    0.    0.    0.005 0.    0.    0.995 0.   ],0.9933333333333333,0.9937499999999999,0.9944444444444445
357,479,[0.    0.626 0.047 0.327],[0.    0.    0.673 0.    0.327],[0.    0.    0.    0.    0.626 0.047 0.    0.    0.327 0.   ],0.604,0.7499999999999999,0.8366666666666669
358,480,[0.    0.143 0.61  0.246],[0.    0.    0.754 0.    0.246],[0.    0.    0.    0.    0.143 0.61  0.    0.    0.246 0.   ],0.48066666666666663,0.7500000000000001,0.7772222222222223
359,481,[0.  0.  0.2 0.8],[0.  0.  0.2 0.  0.8],[0.  0.  0.  0.  0.  0.2 0.  0.  0.8 0. ],0.7333333333333334,0.7500000000000001,0.888888888888889
360,482,[0.    0.    0.055 0.945],[0.    0.    0.055 0.    0.945],[0.    0.    0.    0.    0.    0.055 0.    0.    0.945 0.   ],0.9266666666666667,0.9312499999999999,0.938888888888889
361,483,[0.    0.    0.785 0.215],[0.    0.    0.785 0.    0.215],[0.    0.    0.    0.    0.    0.785 0.    0.    0.215 0.   ],0.7133333333333334,0.7499999999999999,0.8888888888888891
362,484,[0.    0.164 0.769 0.067],[0.    0.    0.933 0.    0.067],[0.    0.    0.    0.    0.164 0.769 0.    0.    0.067 0.   ],0.6920000000000001,0.9162499999999999,0.8144444444444445
363,485,[0.    0.248 0.701 0.051],[0.    0.    0.949 0.    0.051],[0.    0.    0.    0.    0.248 0.701 0.    0.    0.034 0.017],0.6013333333333333,0.9362499999999999,0.8322222222222223
364,486,[0.    0.057 0.724 0.22 ],[0.   0.   0.78 0.   0.22],[0.    0.    0.    0.    0.057 0.724 0.    0.    0.213 0.007],0.6313333333333334,0.7500000000000001,0.8183333333333332
365,487,[0.    0.696 0.293 0.01 ],[0.   0.   0.99 0.   0.01],[0.    0.    0.    0.    0.696 0.293 0.    0.    0.01  0.   ],0.6526666666666666,0.9874999999999998,0.8772222222222221
366,488,[0.    0.267 0.    0.733],[0.    0.    0.267 0.    0.733],[0.    0.    0.    0.    0.267 0.    0.    0.    0.689 0.044],0.6666666666666666,0.7499999999999999,0.84
367,489,[0.  0.  0.8 0.2],[0.  0.  0.8 0.  0.2],[0.  0.  0.  0.  0.  0.8 0.  0.  0.2 0. ],0.7333333333333334,0.7499999999999999,0.888888888888889
368,490,[0.    0.947 0.046 0.007],[0.    0.    0.993 0.    0.007],[0.    0.    0.    0.    0.947 0.046 0.    0.    0.007 0.   ],0.9293333333333335,0.99125,0.941111111111111
369,491,[0. 1. 0. 0.],[0. 0. 1. 0. 0.],[0. 0. 0. 0. 1. 0. 0. 0. 0. 0.],1.0,1.0,1.0000000000000002
370,492,[0.    0.    0.959 0.041],[0.    0.    0.959 0.    0.041],[0.    0.    0.    0.    0.    0.959 0.    0.    0.041 0.   ],0.9453333333333335,0.9487499999999999,0.9544444444444445
371,493,[0.    0.    0.812 0.188],[0.    0.    0.812 0.    0.188],[0.    0.    0.    0.    0.    0.812 0.    0.    0.188 0.   ],0.7493333333333334,0.7649999999999999,0.888888888888889
372,494,[0. 0. 1. 0.],[0. 0. 1. 0. 0.],[0. 0. 0. 0. 0. 1. 0. 0. 0. 0.],1.0,1.0,1.0000000000000002
373,495,[0.045 0.045 0.409 0.5  ],[0.    0.045 0.455 0.    0.5  ],[0.    0.    0.045 0.    0.045 0.409 0.    0.    0.455 0.045],0.5459999999999999,0.69375,0.7383333333333333
374,497,[0. 0. 0. 1.],[0. 0. 0. 0. 1.],[0. 0. 0. 0. 0. 0. 0. 0. 1. 0.],1.0,1.0,1.0000000000000002
375,498,[0. 0. 1. 0.],[0. 0. 1. 0. 0.],[0. 0. 0. 0. 0. 1. 0. 0. 0. 0.],1.0,1.0,1.0000000000000002
376,503,[0. 1. 0. 0.],[0. 0. 1. 0. 0.],[0. 0. 0. 0. 1. 0. 0. 0. 0. 0.],1.0,1.0,1.0000000000000002
377,508,[0.    0.    0.667 0.333],[0.    0.    0.667 0.    0.333],[0.    0.    0.    0.    0.    0.667 0.    0.    0.333 0.   ],0.6666666666666666,0.7499999999999999,0.888888888888889
378,509,[0.    0.    0.875 0.125],[0.    0.    0.875 0.    0.125],[0.    0.    0.    0.    0.    0.875 0.    0.    0.125 0.   ],0.8333333333333334,0.84375,0.888888888888889
379,510,[0. 0. 1. 0.],[0. 0. 1. 0. 0.],[0. 0. 0. 0. 0. 1. 0. 0. 0. 0.],1.0,1.0,1.0000000000000002
380,511,[0.    0.141 0.741 0.119],[0.    0.    0.881 0.    0.119],[0.    0.    0.    0.    0.141 0.741 0.    0.    0.119 0.   ],0.654,0.8512499999999998,0.7783333333333333
381,512,[0.    0.037 0.939 0.024],[0.    0.    0.976 0.    0.024],[0.    0.    0.    0.    0.037 0.939 0.    0.    0.024 0.   ],0.9186666666666666,0.97,0.9322222222222222
382,513,[0. 0. 0. 1.],[0. 0. 0. 0. 1.],[0. 0. 0. 0. 0. 0. 0. 0. 1. 0.],1.0,1.0,1.0000000000000002
383,514,[0.  0.6 0.3 0.1],[0.  0.  0.9 0.  0.1],[0.  0.  0.  0.  0.6 0.3 0.  0.  0.1 0. ],0.5333333333333333,0.875,0.7777777777777777
384,515,[0.    0.037 0.963 0.   ],[0. 0. 1. 0. 0.],[0.    0.    0.    0.    0.037 0.963 0.    0.    0.    0.   ],0.9506666666666667,1.0,0.9588888888888889
385,516,[0. 0. 0. 1.],[0. 0. 0. 0. 1.],[0. 0. 0. 0. 0. 0. 0. 0. 1. 0.],1.0,1.0,1.0000000000000002
386,517,[0.  0.  0.8 0.2],[0.  0.  0.8 0.  0.2],[0.  0.  0.  0.  0.  0.8 0.  0.  0.  0.2],0.7333333333333334,0.7499999999999999,0.888888888888889
387,518,[0.008 0.038 0.774 0.18 ],[0.    0.008 0.812 0.    0.18 ],[0.    0.    0.008 0.    0.038 0.774 0.    0.    0.18  0.   ],0.6986666666666667,0.7649999999999999,0.837777777777778
388,519,[0.    0.    0.583 0.417],[0.    0.    0.583 0.    0.417],[0.    0.    0.    0.    0.    0.583 0.    0.    0.375 0.042],0.6666666666666666,0.7499999999999998,0.8422222222222221
389,520,[0.    0.026 0.342 0.632],[0.    0.    0.368 0.    0.632],[0.    0.    0.    0.    0.026 0.342 0.    0.    0.579 0.053],0.632,0.7499999999999999,0.8011111111111111
390,522,[0.    0.    0.714 0.286],[0.    0.    0.714 0.    0.286],[0.    0.    0.    0.    0.    0.714 0.    0.    0.286 0.   ],0.6666666666666666,0.7500000000000001,0.888888888888889
391,532,[0.    0.    0.994 0.006],[0.    0.    0.994 0.    0.006],[0.    0.    0.    0.    0.    0.994 0.    0.    0.006 0.   ],0.992,0.9924999999999998,0.9933333333333333
392,533,[0. 0. 1. 0.],[0. 0. 1. 0. 0.],[0. 0. 0. 0. 0. 1. 0. 0. 0. 0.],1.0,1.0,1.0000000000000002
393,534,[0.42 0.   0.56 0.02],[0.   0.42 0.56 0.   0.02],[0.   0.   0.42 0.   0.   0.56 0.   0.   0.02 0.  ],0.64,0.7249999999999999,0.8666666666666667
394,535,[0.    0.077 0.269 0.654],[0.    0.    0.346 0.    0.654],[0.    0.    0.    0.    0.077 0.269 0.    0.    0.654 0.   ],0.5640000000000001,0.7499999999999999,0.8033333333333335
395,536,[0.    0.    0.903 0.097],[0.    0.    0.903 0.    0.097],[0.    0.    0.    0.    0.    0.903 0.    0.    0.097 0.   ],0.8706666666666667,0.87875,0.8922222222222224
396,538,[0. 0. 1. 0.],[0. 0. 1. 0. 0.],[0. 0. 0. 0. 0. 1. 0. 0. 0. 0.],1.0,1.0,1.0000000000000002
397,539,[0. 0. 1. 0.],[0. 0. 1. 0. 0.],[0. 0. 0. 0. 0. 1. 0. 0. 0. 0.],1.0,1.0,1.0000000000000002
398,540,[0. 0. 0. 1.],[0. 0. 0. 0. 1.],[0. 0. 0. 0. 0. 0. 0. 0. 1. 0.],1.0,1.0,1.0000000000000002
399,541,[0. 0. 1. 0.],[0. 0. 1. 0. 0.],[0. 0. 0. 0. 0. 1. 0. 0. 0. 0.],1.0,1.0,1.0000000000000002
400,543,[0.    0.667 0.333 0.   ],[0. 0. 1. 0. 0.],[0.    0.    0.    0.    0.667 0.333 0.    0.    0.    0.   ],0.6666666666666666,1.0,0.888888888888889
401,547,[0. 0. 1. 0.],[0. 0. 1. 0. 0.],[0. 0. 0. 0. 0. 1. 0. 0. 0. 0.],1.0,1.0,1.0000000000000002
402,558,[0.   0.   0.75 0.25],[0.   0.   0.75 0.   0.25],[0.   0.   0.   0.   0.   0.75 0.   0.   0.25 0.  ],0.6666666666666666,0.7500000000000001,0.888888888888889
403,559,[0.051 0.026 0.846 0.077],[0.    0.051 0.872 0.    0.077],[0.    0.    0.051 0.    0.026 0.846 0.    0.    0.077 0.   ],0.7946666666666667,0.8399999999999999,0.8288888888888889
404,560,[0.    0.036 0.393 0.571],[0.    0.    0.429 0.    0.571],[0.    0.    0.    0.    0.036 0.393 0.    0.    0.107 0.464],0.6186666666666666,0.7499999999999999,0.7377777777777778
405,561,[0.   0.   0.19 0.81],[0.   0.   0.19 0.   0.81],[0.   0.   0.   0.   0.   0.19 0.   0.   0.81 0.  ],0.7466666666666667,0.7625000000000001,0.888888888888889
406,562,[0. 0. 1. 0.],[0. 0. 1. 0. 0.],[0. 0. 0. 0. 0. 1. 0. 0. 0. 0.],1.0,1.0,1.0000000000000002
407,563,[0. 0. 0. 1.],[0. 0. 0. 0. 1.],[0. 0. 0. 0. 0. 0. 0. 0. 1. 0.],1.0,1.0,1.0000000000000002
408,564,[0. 0. 1. 0.],[0. 0. 1. 0. 0.],[0. 0. 0. 0. 0. 1. 0. 0. 0. 0.],1.0,1.0,1.0000000000000002
409,566,[0. 0. 0. 1.],[0. 0. 0. 0. 1.],[0. 0. 0. 0. 0. 0. 0. 0. 1. 0.],1.0,1.0,1.0000000000000002
410,567,[0. 0. 1. 0.],[0. 0. 1. 0. 0.],[0. 0. 0. 0. 0. 1. 0. 0. 0. 0.],1.0,1.0,1.0000000000000002
411,584,[0.    0.    0.556 0.444],[0.    0.    0.556 0.    0.444],[0.    0.    0.    0.    0.    0.556 0.    0.    0.444 0.   ],0.6666666666666666,0.7499999999999999,0.888888888888889
412,585,[0.  0.  0.5 0.5],[0.  0.  0.5 0.  0.5],[0.    0.    0.    0.    0.    0.5   0.    0.    0.375 0.125],0.6666666666666666,0.7499999999999999,0.7777777777777777
413,586,[0.    0.    0.667 0.333],[0.    0.    0.667 0.    0.333],[0.    0.    0.    0.    0.    0.667 0.    0.    0.167 0.167],0.6666666666666666,0.7499999999999999,0.7783333333333332
414,587,[0. 0. 0. 1.],[0. 0. 0. 0. 1.],[0. 0. 0. 0. 0. 0. 0. 0. 1. 0.],1.0,1.0,1.0000000000000002
415,588,[0. 0. 1. 0.],[0. 0. 1. 0. 0.],[0. 0. 0. 0. 0. 1. 0. 0. 0. 0.],1.0,1.0,1.0000000000000002
416,590,[0. 0. 0. 1.],[0. 0. 0. 0. 1.],[0. 0. 0. 0. 0. 0. 0. 0. 1. 0.],1.0,1.0,1.0000000000000002
417,591,[0. 0. 0. 1.],[0. 0. 0. 0. 1.],[0. 0. 0. 0. 0. 0. 0. 0. 0. 1.],1.0,1.0,1.0
418,609,[0.   0.   0.75 0.25],[0.   0.   0.75 0.   0.25],[0.   0.   0.   0.   0.   0.75 0.   0.   0.25 0.  ],0.6666666666666666,0.7500000000000001,0.888888888888889
419,610,[0. 0. 1. 0.],[0. 0. 1. 0. 0.],[0. 0. 0. 0. 0. 1. 0. 0. 0. 0.],1.0,1.0,1.0000000000000002
420,611,[0.  0.5 0.5 0. ],[0. 0. 1. 0. 0.],[0.  0.  0.  0.  0.5 0.5 0.  0.  0.  0. ],0.6666666666666666,1.0,0.888888888888889
421,613,[0.    0.    0.909 0.091],[0.    0.    0.909 0.    0.091],[0.    0.    0.    0.    0.    0.909 0.    0.    0.091 0.   ],0.8786666666666667,0.8862499999999999,0.8988888888888888
